,映画（作品名）,年,月,日,公開日
0,アウトレイジ 最終章,2017,10,8,20171008
1,亜人,2017,10,8,20171008
2,ナラタージュ,2017,10,8,20171008
3,僕のワンダフル・ライフ,2017,10,8,20171008
4,ナミヤ雑貨店の奇蹟,2017,10,8,20171008
5,ドリーム,2017,10,8,20171008
6,ダンケルク,2017,10,8,20171008
7,宝塚歌劇 月組東京宝塚劇場公演「Ａｌｌ ｆｏｒ Ｏｎｅ」千秋楽 ライブ中継,2017,10,8,20171008
8,ＴＨＥ ＩＤＯＬＭ＠ＳＴＥＲ ７６５ ＭＩＬＬＩＯＮＳＴＡＲＳ ＨＯＴＣＨＰＯＴＣＨ フェスティバル,2017,10,8,20171008
9,三度目の殺人,2017,10,8,20171008
10,あさひなぐ,2017,10,8,20171008
11,怪盗グルーのミニオン大脱走,2017,10,8,20171008
12,関ヶ原,2017,10,8,20171008
13,エイリアン コヴェナント,2017,10,8,20171008
14,劇団シャイニング ｆｒｏｍ うたの☆プリンスさまっ♪「マスカレイドミラージュ」大千秋楽ＬＶ,2017,10,8,20171008
15,レゴ ニンジャゴー ザ・ムービー,2017,10,8,20171008
16,君の膵臓をたべたい,2017,10,8,20171008
17,劇場版 響け！ユーフォニアム～届けたいメロディ～,2017,10,8,20171008
18,エルネスト,2017,10,8,20171008
19,ハイキュー！！コンセプトの戦い,2017,10,8,20171008
20,デジモンアドベンチャーｔｒｉ．第５章「共生」,2017,10,8,20171008
21,ユリゴコロ,2017,10,8,20171008
22,ユーリ！！！ ｏｎ ＩＣＥ,2017,10,8,20171008
23,奥田民生になりたいボーイと出会う男すべて狂わせるガール,2017,10,8,20171008
24,打ち上げ花火、下から見るか？横から見るか？,2017,10,8,20171008
47,スクランブル,2017,10,9,20171009
48,あゝ、荒野 前篇,2017,10,9,20171009
49,シネマ歌舞伎 四谷怪談,2017,10,9,20171009
108,井上芳雄 ｂｙ ＭＹＳＥＬＦ ＳＰＥＣＩＡＬ ’ＬＩＶＥ” ライブ・ビューイング,2017,10,12,20171012
125,猿の惑星：聖戦記（グレート・ウォー）,2017,10,13,20171013
148,ブレードランナー ファイナルカット,2017,10,13,20171013
159,恋と嘘,2017,10,14,20171014
164,弱虫ペダル Ｒｅ：ＧＥＮＥＲＡＴＩＯＮ,2017,10,14,20171014
165,アナベル 死霊館の人形,2017,10,14,20171014
170,ＡＤ－ＬＩＶＥ ２０１７ ライブ・ビューイング,2017,10,14,20171014
175,Ｆａｔｅ／ｓｔａｙ ｎｉｇｈｔ Ｈｅａｖｅｎｓ Ｆｅｅｌ 第一章,2017,10,15,20171015
208,宇宙戦艦ヤマト２２０２ 愛の戦士たち 第三章,2017,10,16,20171016
301,アトミック・ブロンド,2017,10,20,20171020
314,女神の見えざる手,2017,10,20,20171020
325,ミックス。,2017,10,21,20171021
326,斉木楠雄のΨ難,2017,10,21,20171021
327,バリー・シール アメリカをはめた男,2017,10,21,20171021
340,ＫＩＮＧ ＯＦ ＰＲＩＳＭ ＰＲＩＤＥ ｔｈｅ ＨＥＲＯ,2017,10,21,20171021
341,ＤＣスーパーヒーローズ ｖｓ 鷹の爪団,2017,10,21,20171021
360,コードギアス 反逆のルルーシュⅠ 興道,2017,10,22,20171022
367,劇場版 岩合光昭の世界ネコ歩き コトラ家族と世界のいいコたち,2017,10,22,20171022
374,「ミュージックレインフェスティバル２０１７」ライブ・ビューイング,2017,10,22,20171022
385,ＷＯＯＹＯＵＮＧ Ｓｏｌｏ Ｔｏｕｒ ２０１７ ’まだ僕は・・・” ライブ・ビューイング,2017,10,23,20171023
424,あゝ、荒野 後篇,2017,10,24,20171024
447,月イチ歌舞伎 スーパー歌舞伎ヤマトタケル,2017,10,25,20171025
492,ブレードランナー ２０４９（ＤＯＬＢＹ－ＡＴＭＯＳ・字幕版）,2017,10,27,20171027
493,ゲキ×シネ ＴＩＭＥ 「髑髏城の七人（２０１３年版）」,2017,10,27,20171027
500,映画キラキラ☆プリキュアアラモード パリッと！想い出のミルフィーユ！,2017,10,28,20171028
501,ブレードランナー ２０４９,2017,10,28,20171028
516,彼女がその名を知らない鳥たち,2017,10,28,20171028
519,Ａ３！ ＦＩＲＳＴ Ｂｌｏｏｍｉｎｇ ＦＥＳＴＩＶＡＬ ライブビューイング,2017,10,28,20171028
532,特別版 Ｆｒｅｅ！－Ｔａｋｅ Ｙｏｕｒ Ｍａｒｋｓ－,2017,10,29,20171029
541,ゲット・アウト,2017,10,29,20171029
548,Ｋｉｒａｍｕｎｅ Ｐｒｅｓｅｎｔｓ Ｊｏｉｎｔ Ｃｏｎｃｅｒｔ ’ＶＥＲＳＵＳ” ｉｎ Ｔａｉｗａｎ,2017,10,29,20171029
577,ＨｉＧＨ＆ＬＯＷ ＴＨＥ ＭＯＶＩＥ ２ ／ ＥＮＤ ＯＦ ＳＫＹ,2017,10,31,20171031
578,先生！ 、、、好きになってもいいですか？,2017,10,31,20171031
645,ＨｉＧＨ＆ＬＯＷ ＴＨＥ ＭＯＶＩＥ ３ ＦＩＮＡＬ ＭＩＳＳＩＯＮ 完成披露中継,2017,11,2,20171102
650,ラストレシピ ～麒麟の舌の記憶～,2017,11,3,20171103
651,マイティ・ソー バトルロイヤル,2017,11,3,20171103
660,氷菓,2017,11,3,20171103
697,ゴッホ 最期の手紙,2017,11,4,20171104
720,「黒執事 Ｂｏｏｋ ｏｆ ｔｈｅ Ａｔｌａｎｔｉｃ」～暁学会 不死鳥の宴～ ライブビューイング,2017,11,5,20171105
733,ＰＫＣＺ（Ｒ）×ＨｉＧＨ＆ＬＯＷ 完成披露試写会＆ＰＲＥＭＩＵＭ ＬＩＶＥ ＳＨＯＷ ライブビューイング,2017,11,6,20171106
740,ＰＫＣＺ Ｘ ＨｉＧＨ＆ＬＯＷ 完成披露試写会,2017,11,6,20171106
751,ＩＴ イット ’それ”が見えたら、終わり。,2017,11,7,20171107
774,ノクターナル・アニマルズ,2017,11,7,20171107
831,ジグソウ ソウ・レガシー,2017,11,10,20171110
832,ザサークル,2017,11,10,20171110
841,うたの☆プリンスさまっ♪ ＱＵＡＲＴＥＴ ＮＩＧＨＴ ＬＩＶＥエボリューション ２０１７ ＬＶ,2017,11,10,20171110
842,ＭＡＳＴＥＲ マスター,2017,11,10,20171110
865,スター・ウォーズ フォースの覚醒,2017,11,11,20171111
866,劇場版はいからさんが通る 前編 ～紅緒、花の１７歳～,2017,11,11,20171111
875,ＨｉＧＨ＆ＬＯＷ ＴＨＥ ＭＯＶＩＥ ３ ＦＩＮＡＬ ＭＩＳＳＩＯＮ,2017,11,12,20171112
908,ご注文はうさぎですか？？ Ｄｅａｒ Ｍｙ Ｓｉｓｔｅｒ,2017,11,13,20171113
919,オトトキ,2017,11,13,20171113
968,２０１７ Ａｓｉａ Ａｒｔｉｓｔ Ａｗａｒｄｓ ライブ・ビューイング,2017,11,15,20171115
1045,ＫＵＢＯ／クボ 二本の弦の秘密,2017,11,18,20171118
1046,ミッキーマウスバースデイ映画祭２０１７,2017,11,18,20171118
1047,ＬＯＶＥ ＳＥＳＳＩＯＮ ラブセッション,2017,11,18,20171118
1052,ＧＯＤＺＩＬＬＡ 怪獣惑星,2017,11,19,20171119
1055,泥棒役者,2017,11,19,20171119
1060,ローガンラッキー,2017,11,19,20171119
1065,Ｂｒｅａｋ Ｏｕｔ Ｐｒｅｓｅｎｔｓ ユーリ！！！ ｏｎ ＣＯＮＣＥＲＴ ライブビューイング,2017,11,19,20171119
1094,ＭＥＴ ベッリーニ「ノルマ」,2017,11,20,20171120
1115,機動戦士ガンダム サンダーボルト ＢＡＮＤＩＴ ＦＬＯＷＥＲ,2017,11,21,20171121
1150,ジャスティス・リーグ,2017,11,23,20171123
1171,ＡＶＩＣＩＩ： ＴＲＵＥ ＳＴＯＲＩＥＳ,2017,11,23,20171123
1176,火花,2017,11,24,20171124
1207,映画かいけつゾロリ ＺＺ（ダブルゼット）のひみつ,2017,11,25,20171125
1218,ｇｉｆｔｅｄ／ギフテッド,2017,11,25,20171125
1223,ＴＨＥ ＩＤＯＬＭ＠ＳＴＥＲ シンデレラガールズ５ｔｈＬＩＶＥツアー セレンディピティパレード ＬＶ,2017,11,25,20171125
1246,シネマ歌舞伎 め組の喧嘩,2017,11,26,20171126
1287,覆面系ノイズ,2017,11,28,20171128
1316,２０１７ Ｍｎｅｔ Ａｓｉａｎ Ｍｕｓｉｃ Ａｗａｒｄ （ＭＡＭＡ）,2017,11,29,20171129
1317,２０１６ Ｍｎｅｔ Ａｓｉａｎ Ｍｕｓｉｃ Ａｗａｒｄ （ＭＡＭＡ）,2017,11,29,20171129
1320,Ｄｅａｒ Ｇｉｒｌ～ＳＴＯＲＹＳ～ＴＨＥ ＭＯＶＩＥ３ 前編「六人の龍馬編」,2017,11,29,20171129
1351,探偵はＢＡＲにいる３,2017,12,1,20171201
1356,劇場版総集編アニメ「刀剣乱舞－花丸－」～幕間回想録～,2017,12,1,20171201
1359,三代目 Ｊ Ｓｏｕｌ Ｂｒｏｔｈｅｒｓ ＬＩＶＥ ＴＯＵＲ ２０１７ ＵＮＫＮＯＷＮ ＭＥＴＲＯＰＯ,2017,12,1,20171201
1370,パーティで女の子に話しかけるには,2017,12,1,20171201
1375,鋼の錬金術師,2017,12,2,20171202
1380,三代目 Ｊ Ｓｏｕｌ Ｂｒｏｔｈｅｒｓ ＬＩＶＥ ＴＯＵＲ ２０１６－２０１７ ＭＥＴＲＯＰＯＬＩＺ,2017,12,2,20171202
1381,あんさんぶるスターズ！ＤＲＥＡＭ ＬＩＶＥ －１ｓｔ Ｔｏｕｒ Ｍｏｒｎｉｎｇ Ｓｔａｒ！ ＬＶ,2017,12,2,20171202
1538,否定と肯定,2017,12,8,20171208
1547,曇天に笑う 外伝 決別、犲の誓い,2017,12,8,20171208
1550,仮面ライダー平成ジェネレーションズ ＦＩＮＡＬ,2017,12,9,20171209
1551,ＤＥＳＴＩＮＹ 鎌倉ものがたり,2017,12,9,20171209
1552,オリエント急行殺人事件,2017,12,9,20171209
1553,ガールズ＆パンツァー 最終章 第１話,2017,12,9,20171209
1574,ＦＯＲ ＲＥＡＬ 必ず戻ると誓った、あの舞台へ。,2017,12,9,20171209
1579,２０１７ ＢＴＳ ＬＩＶＥ ＴＲＩＬＯＧＹ ＥＰＩＳＯＤＥ３ ＴＨＥ ＷＩＮＧＳ ＴＯＵＲ,2017,12,10,20171210
1586,第７回ＡＫＢ４８紅白対抗歌合戦,2017,12,10,20171210
1597,ＭＥＴライブビューイング２０１７－１８ 魔笛,2017,12,10,20171210
1610,「モーニング娘。１７ 工藤遥卒業スペシャル」ライブビューイング,2017,12,11,20171211
1619,８年越しの花嫁 奇跡の実話,2017,12,11,20171211
1678,スター・ウォーズ 最後のジェダイ,2017,12,14,20171214
1713,（字）ユダヤ人を救った動物園 アントニーナが愛した命,2017,12,15,20171215
1726,映画 妖怪ウォッチ シャドウサイド 鬼王の復活,2017,12,16,20171216
1737,ＧＥＮＥＲＡＴＩＯＮＳ ＬＩＶＥ ＴＯＵＲ ２０１６ ＳＰＥＥＤＳＴＥＲ,2017,12,16,20171216
1740,「ラブライブ！サンシャイン！！Ａｑｏｕｒｓ クラブ活動」ライブビューイング,2017,12,16,20171216
1763,ＧＥＮＥＲＡＴＩＯＮＳ ＬＩＶＥ ＴＯＵＲ ２０１７ ＭＡＤ ＣＹＣＬＯＮＥ ライブビューイング,2017,12,17,20171217
1824,ボリショイ・バレエｉｎシネマ Ｓｅａｓｏｎ２０１６－１７「コンテンポラリー・イブニング」,2017,12,19,20171219
1841,ペール・ギュント ライブ・ビューイング 日韓文化交流企画 世田谷パブリックシアター開場２０周年記念,2017,12,20,20171220
1846,ミュージカル「刀剣乱舞」～真剣乱舞祭２０１７～ライブビューイング,2017,12,20,20171220
1867,２．５次元ダンスライブ「ツキウタ。」ステージ 「Ｌｕｎａｔｉｃ Ｐａｒｔｙ」 千秋楽 ＬＶ,2017,12,21,20171221
1882,カンフー・ヨガ,2017,12,22,20171222
1887,２．５次元ダンスライブ「ツキウタ。」ステージ 第５幕「Ｒａｂｂｉｔｓ Ｋｉｎｇｄｏｍ」ＬＶ,2017,12,22,20171222
1892,）十王院カケル生誕祭 ＫＩＮＧ ＯＦ ＰＲＩＳＭ －ＰＲＩＤＥ ｔｈｅ ＨＥＲＯ－,2017,12,22,20171222
1911,リベンジｇｉｒｌ,2017,12,23,20171223
1914,フラットライナーズ,2017,12,23,20171223
1929,未成年だけどコドモじゃない,2017,12,24,20171224
1944,ももいろクローバーＺ「ももクロ夏のバカ騒ぎ２０１７味の素スタジアム大会」おかわりちゃん,2017,12,24,20171224
1967,勝手にふるえてろ,2017,12,25,20171225
2010,ＨＡＮＤＳＯＭＥ ＦＩＬＭ ＦＥＳＴＩＶＡＬ ２０１７ ＬＩＶＥ ＶＩＥＷＩＮＧ,2017,12,27,20171227
2037,ＧＯＴ７ Ｊａｐａｎ Ｔｏｕｒ ２０１７ ＴＵＲＮ ＵＰ ディレイビューイング,2017,12,28,20171228
2056,舞台「刀剣乱舞」～ジョ伝 三つら星刀語り～ＬＶ,2017,12,29,20171229
2063,劇場版 カードキャプターさくら,2017,12,29,20171229
2070,オールアイズオンミー,2017,12,29,20171229
2095,熊谷陣屋 シネマ歌舞伎,2017,12,30,20171230
2120,Ｈｅｌｌｏ！Ｐｒｏｊｅｃｔ ＣＯＵＮＴＤＯＷＮ ＰＡＲＴＹ ２０１７（昼公演）,2017,12,31,20171231
2121,バーフバリ 王の凱旋,2017,12,31,20171231
2182,ＡＡＡ ＮＥＷ ＹＥＡＲ ＰＡＲＴＹ ２０１８ ライブビューイング,2018,1,3,20180103
2191,私立恵比寿中学迎春大学芸会 ～ｆｏｒｅｖｅｒ ａｉａｉ～ライブビューイング,2018,1,3,20180103
2248,ＴＶアニメ「弱虫ペダル」４期先行上映会,2018,1,5,20180105
2251,キングスマン ゴールデン・サークル,2018,1,6,20180106
2256,嘘八百,2018,1,6,20180106
2261,「ＴＨＥ ＩＤＯＬＭ＠ＳＴＥＲ ニューイヤーライブ！！ 初星宴舞」ライブビューイング,2018,1,6,20180106
2262,Ｄｅａｒ Ｇｉｒｌ～Ｓｔｏｒｉｅｓ～ＴＨＥ ＭＯＶＩＥ３ 後編「蒼の継承編」,2018,1,6,20180106
2265,ＳＯＵＮＤ ＴＨＥＡＴＥＲ×夏目友人帳～音劇の章２０１８～,2018,1,6,20180106
2270,牙狼 ＧＡＲＯ 神ノ牙 ＫＡＭＩＮＯＫＩＢＡ,2018,1,6,20180106
2271,ラブライブ！Ａｑｏｕｒｓ クラブ活動 福岡,2018,1,6,20180106
2274,ナオト・インティライミ冒険記 旅歌ダイアリー２ 後編,2018,1,6,20180106
2283,映画 中二病でも恋がしたい！ Ｔａｋｅ Ｏｎ Ｍｅ,2018,1,7,20180107
2296,リベンジマッチ,2018,1,7,20180107
2317,「ＤＥＮＧＥＫＩ ＭＵＳＩＣ ＬＩＶＥ！！ ２０１８」ライブビューイング,2018,1,8,20180108
2320,「少女☆歌劇 レヴュースタァライト －Ｔｈｅ ＬＩＶＥ－」♯１ ｒｅｖｉｖａｌ ライブ・ビューイング,2018,1,8,20180108
2345,レディガイ,2018,1,9,20180109
2374,熊川哲也 Ｋバレエ カンパニー 「ドン・キホーテ」 ｉｎ Ｃｉｎｅｍａ,2018,1,10,20180110
2411,ＡＡＡ ＤＯＭＥ ＴＯＵＲ ２０１７ －ＷＡＹ ＯＦ ＧＬＯＲＹ－ 劇場版,2018,1,12,20180112
2422,劇場版ＴＩＧＥＲ＆ＢＵＮＮＹ－Ｔｈｅ Ｒｉｓｉｎｇ－,2018,1,12,20180112
2429,劇場版 マジンガーＺ／ＩＮＦＩＮＩＴＹ,2018,1,13,20180113
2436,劇場版「進撃の巨人」Ｓｅａｓｏｎ２ 覚醒の咆哮,2018,1,13,20180113
2437,伊藤くん Ａ ｔｏ Ｅ,2018,1,13,20180113
2440,シネマ歌舞伎 京鹿子娘五人道成寺／二人椀久,2018,1,13,20180113
2443,５パーセントの奇跡 嘘から始まる素敵な人生,2018,1,13,20180113
2444,西遊記 ヒーロー・イズ・バック,2018,1,13,20180113
2447,ＡＫＢグループ新春コンサート ＮＧＴ４８単独コンサート 未来はどこまで青空なのか？ ＬＶ,2018,1,13,20180113
2464,ガルパライブ ライブ・ビューイング,2018,1,14,20180114
2473,ＡＫＢグループ新春コンサート 成人式コンサート 大人になんかなるものか ＬＶ,2018,1,14,20180114
2490,ＪＵＮ． Ｋ ＳＯＬＯ ＣＯＮＣＥＲＴ Ｍｒ．ＮＯ ライブ・ビューイング,2018,1,15,20180115
2505,ネイビーシールズ ナチスの金塊を奪還せよ！,2018,1,16,20180116
2516,悪と仮面のルール,2018,1,16,20180116
2573,キャプテン・アメリカ ウィンター・ソルジャー,2018,1,18,20180118
2590,ＡＫＢ４８グループ リクエストアワーセットリスト１００ ２０１７,2018,1,19,20180119
2599,映画 夜空はいつでも最高密度の青色だ,2018,1,19,20180119
2600,ジオストーム,2018,1,20,20180120
2601,嘘を愛する女,2018,1,20,20180120
2602,パディントン２,2018,1,20,20180120
2609,ＡＫＢリクエスト・アワー ライブ・ビューイング,2018,1,20,20180120
2618,咲 Ｓａｋｉ 阿知賀編 ｅｐｉｓｏｄｅ ｏｆ ｓｉｄｅ－Ａ,2018,1,20,20180120
2621,ミッドナイト・イン・パリ,2018,1,20,20180120
2622,ルイの９番目の人生,2018,1,20,20180120
2633,ＮＡＮＡ ＭＩＺＵＫＩ ＬＩＶＥ ＧＡＴＥ ２０１８ ＬＩＶＥ ＶＩＥＷＩＮＧ,2018,1,21,20180121
2674,ガーディアンズ・オブ・ギャラクシー：リミックス,2018,1,22,20180122
2681,劇団☆新感線「髑髏城の七人 Ｓｅａｓｏｎ鳥」ライブビューイング,2018,1,23,20180123
2692,ＦＯＯＬ ＣＯＯＬ ＲＯＣＫ！ ＯＮＥ ＯＫ ＲＯＣＫ ＤＯＣＵＭＥＮＴＡＲＹ ＦＩＬＭ,2018,1,23,20180123
2697,舞台「Ｂ－ＰＲＯＪＥＣＴ ｏｎ ＳＴＡＧＥ 「ＯＶＥＲ ｔｈｅ ＷＡＶＥ！」」応援上映会,2018,1,23,20180123
2720,「髑髏城の七人」Ｓｅａｓｏｎ月 下弦の月,2018,1,24,20180124
2743,結婚前夜 マリッジブルー,2018,1,25,20180125
2756,デトロイト,2018,1,26,20180126
2767,ロング，ロングバケーション,2018,1,26,20180126
2768,風の色,2018,1,26,20180126
2775,祈りの幕が下りる時,2018,1,27,20180127
2780,宇宙戦艦ヤマト２２０２ 愛の戦士たち 第四章,2018,1,27,20180127
2785,ＣＩＮＥＭＡ ＦＩＧＨＴＥＲＳ シネマファイターズ,2018,1,27,20180127
2794,ＭＯＮＳＴＥＲＺ モンスターズ,2018,1,27,20180127
2809,ダークタワー,2018,1,28,20180128
2818,青春グラフィティ スニーカーぶる～す,2018,1,28,20180128
2823,星めぐりの町 豊田先行上映,2018,1,28,20180128
2824,万能鑑定士Ｑ －モナ・リザの瞳－,2018,1,28,20180128
2845,女子ーズ,2018,1,29,20180129
2846,ザ・リング／リバース,2018,1,29,20180129
2851,ミュージカル「刀剣乱舞」 ～つはものどもがゆめのあと～ ライブビューイング,2018,1,30,20180130
2852,ミュージカル「刀剣乱舞」新作公演 ライブビューイング,2018,1,30,20180130
2901,不能犯,2018,2,1,20180201
2904,スリー・ビルボード,2018,2,1,20180201
2943,マーベル インヒューマンズ,2018,2,2,20180202
2946,舞台「ＫＩＮＧ ＯＦ ＰＲＩＳＭ －Ｏｖｅｒ ｔｈｅ Ｓｕｎｓｈｉｎｅ！－」千秋楽ライブビューイング,2018,2,2,20180202
2947,トップガン,2018,2,2,20180202
2956,ＴＨＥ ＩＤＯＬＭ＠ＳＴＥＲ ＳｉｄｅＭ ３ｒｄ ＳＴＡＧＥ～ＳＴ＠ＲＴＩＮＧ！～ライブビューイング,2018,2,3,20180203
2959,仮面ライダーエグゼイド トリロジー アナザー・エンディング ＰａｒｔⅠ 仮面ライダーブレイブ＆スナイプ,2018,2,3,20180203
2992,舞台「文豪ストレイドッグス」ライブビューイング,2018,2,4,20180204
3003,羊の木,2018,2,5,20180205
3004,あんさんぶるスターズ！オン・ステージ ～Ｔａｋｅ ｙｏｕｒ ｍａｒｋｓ！～ ライブビューイング,2018,2,5,20180205
3013,籠釣瓶花街酔醒 月イチ歌舞伎２０１７,2018,2,5,20180205
3022,この世界の片隅に,2018,2,5,20180205
3043,アバウトレイ １６歳の決断,2018,2,6,20180206
3046,スリープレスナイト,2018,2,6,20180206
3105,劇場版マクロスΔ 激情のワルキューレ,2018,2,9,20180209
3118,コンフィデンシャル 共助,2018,2,9,20180209
3125,今夜、ロマンス劇場で,2018,2,10,20180210
3130,コードギアス 反逆のルルーシュⅡ 叛道,2018,2,10,20180210
3133,ＳＨＯＧＯ ＨＡＭＡＤＡ ＯＮ ＴＨＥ ＲＯＡＤ ２０１５－１６「旅するソングライター」（ＡＴＭＯＳ,2018,2,10,20180210
3144,劇場版ときめきレストラン☆☆☆ ＭＩＲＡＣＬＥ６,2018,2,10,20180210
3149,ももクロくらぶｘｏｘｏ ～バレンタイン ＤＥ ＮＩＧＨＴ だぁ～Ｚ ２０１８「裏」,2018,2,10,20180210
3158,宝塚歌劇 雪組東京宝塚劇場公演千秋楽「ひかりふる路」「ＳＵＰＥＲ ＶＯＹＡＧＥＲ！」ライブ中継,2018,2,11,20180211
3163,名探偵コナン２０１６ 純黒の悪夢（ナイトメア）,2018,2,11,20180211
3178,マンハント,2018,2,12,20180212
3185,ミュージカル 黒執事－Ｔａｎｇｏ ｏｎ ｔｈｅ Ｃａｍｐａｎｉａ－大千穐楽ライブ・ビューイング,2018,2,12,20180212
3220,メロホリック 恋のプロローグ,2018,2,13,20180213
3245,スターシップ９,2018,2,14,20180214
3268,ＤＡＩＣＨＩ ＭＩＵＲＡ ＬＩＶＥＴＯＵＲ ＲＥＰＬＡＹ ＦＩＮＡＬ ＳＣＲＥＥＮＩＮＧ ＰＡＲＴＹ,2018,2,15,20180215
3275,グレイテスト・ショーマン,2018,2,16,20180216
3280,グレイテスト・ショーマン（Ｄｏｌｂｙ－ＡＴＭＯＳ・字幕版）,2018,2,16,20180216
3317,リバーズ・エッジ,2018,2,17,20180217
3324,サニー／３２ 公開記念舞台挨拶,2018,2,17,20180217
3337,ミュージカル「テニスの王子様」３ｒｄシーズン 青学ｖｓ比嘉 大千秋楽ライブビューイング,2018,2,18,20180218
3340,パンとバスと２度目のハツコイ,2018,2,18,20180218
3347,トスカ ＭＥＴ,2018,2,18,20180218
3394,エターナル,2018,2,20,20180220
3489,Ｔｈｅ Ｂｅｇｕｉｌｅｄ ビガイルド 欲望のめざめ,2018,2,24,20180224
3490,文豪ストレイドッグス ＤＥＡＤ ＡＰＰＬＥ,2018,2,24,20180224
3499,ビッグ・シック ぼくたちの大いなる目ざめ,2018,2,24,20180224
3506,マクロスΔ 戦術音楽ユニット ワルキューレ ３ｒｄ ＬＩＶＥ ワルキューレは裏切らない ＬＶ,2018,2,25,20180225
3513,劇場版 Ｉｎｆｉｎｉ－Ｔ Ｆｏｒｃｅ ガッチャマン さらば友よ,2018,2,25,20180225
3530,さよならの朝に約束の花をかざろう,2018,2,26,20180226
3537,ｂｌａｎｋ１３,2018,2,26,20180226
3568,レオン,2018,2,27,20180227
3573,あなたの旅立ち、綴ります,2018,2,27,20180227
3576,空海－ＫＵ－ＫＡＩ－ 美しき王妃の謎,2018,2,28,20180228
3603,１５時１７分、パリ行き,2018,3,1,20180301
3604,シェイプ・オブ・ウォーター,2018,3,1,20180301
3625,ブラックパンサー,2018,3,2,20180302
3634,ダウンサイズ,2018,3,2,20180302
3665,黒執事 Ｂｏｏｋ ｏｆ Ｍｕｒｄｅｒ 上巻,2018,3,3,20180303
3686,「アイドルマスター シンデレラガールズ劇場 すぷりんぐふぇすてぃばる ２０１８」 ライブビューイング,2018,3,4,20180304
3703,ドラえもん ２０１８ のび太の宝島,2018,3,5,20180305
3722,ゴッドタン キス我慢選手権 ＴＨＥ ＭＯＶＩＥ ２ サイキック・ラブ,2018,3,5,20180305
3757,プリンシパル 恋する私はヒロインですか？,2018,3,7,20180307
3770,しあわせの絵の具 愛を描く人 モードルイス,2018,3,7,20180307
3807,映画しまじろう まほうのしまの だいぼうけん,2018,3,9,20180309
3832,坂道のアポロン,2018,3,10,20180310
3837,劇場版 ウルトラマンオーブ 絆の力、おかりします！,2018,3,10,20180310
3838,「文豪ストレイドッグス ＤＥＡＤ ＡＰＰＬＥ」完成披露プレミア上映 ライブ・ビューイング,2018,3,10,20180310
3853,去年の冬、きみと別れ,2018,3,11,20180311
3854,北の桜守,2018,3,11,20180311
3869,おそ松さん ｏｎ ＳＴＡＧＥ ～ＳＩＸ ＭＥＮＳ ＳＨＯＷ ＴＩＭＥ ２～ 千秋楽ライブビューイング,2018,3,11,20180311
3870,ＴＳＵＫＩＳＴＡ． Ｍｅｍｏｒｉａｌ Ｔｏｕｒ ２０１８ ライブ・ビューイング,2018,3,11,20180311
3915,劇場版 ウルトラマンジード つなぐぜ！願い！！,2018,3,13,20180313
3920,ＲＡＤ ＷＩＭＰＳ ＧＲＡＮＤ ＰＲＩＸ２０１４ 実況生中継,2018,3,13,20180313
3961,２ＰＭ ＣＯＮＣＥＲＴ ”６Ｎｉｇｈｔｓ” ディレイビューイング （ノーカット日本オリジナル編集版）,2018,3,15,20180315
3996,「劇場版ひらがな男子～序～」プレミア上映会,2018,3,16,20180316
4001,リメンバー・ミー,2018,3,17,20180317
4002,映画プリキュアスーパースターズ！,2018,3,17,20180317
4003,ちはやふる－結び－,2018,3,17,20180317
4024,「文豪ストレイドッグス ＤＥＡＤ ＡＰＰＬＥ」舞台挨拶,2018,3,17,20180317
4099,劇場版 黒子のバスケ ＬＡＳＴ ＧＡＭＥ,2018,3,20,20180320
4102,ボス・ベイビー,2018,3,21,20180321
4155,トゥームレイダー ファースト・ミッション,2018,3,23,20180323
4172,魔法使いの嫁 星待つひと：前篇,2018,3,23,20180323
4185,曇天に笑う,2018,3,24,20180324
4224,Ｔｈｅ Ｒｏａｄ ｔｏ Ｇｒａｄｕａｔｉｏｎ ２０１６ さくら学院 ２０１６年度 卒業 ＬＶ,2018,3,25,20180325
4329,ペンタゴン・ペーパーズ 最高機密文書,2018,3,30,20180330
4334,ヴァレリアン 千の惑星の救世主,2018,3,30,20180330
4343,ジュマンジ／ウェルカム・トゥ・ジャングル,2018,3,30,20180330
4348,ＪＩＮ ＡＫＡＮＩＳＨＩ Ｌｉｖｅ Ｔｏｕｒ ２０１８’Ｂｌｅｓｓｅｄ”,2018,3,30,20180330
4355,ｈｏｎｅｙ,2018,3,31,20180331
4358,レッド・スパロー,2018,3,31,20180331
4359,トレイン・ミッション,2018,3,31,20180331
4374,ＭＥＴライブビューイング２０１７－１８ ラ・ボエーム,2018,3,31,20180331
4387,ＴＥＡＭ ＮＡＣＳ ＰＡＲＡＭＵＳＨＩＲ～信じ続けた士魂の旗を掲げて～ライブ・ビューイング,2018,4,1,20180401
4422,舞台パタリロ！★スターダスト計画★ディレイビューイング,2018,4,2,20180402
4437,ウィンストンチャーチル／ヒトラーから世界を救った男,2018,4,3,20180403
4532,クソ野郎と美しき世界,2018,4,7,20180407
4533,映画きかんしゃトーマス とびだせ！友情の大冒険,2018,4,7,20180407
4538,娼年,2018,4,7,20180407
4541,劇場版 ＳＥＲＶＡＭＰ サーヴァンプ Ａｌｉｃｅ ｉｎ ｔｈｅ Ｇａｒｄｅｎ,2018,4,7,20180407
4560,「あんさんぶるスターズ！ Ｓｔａｒｒｙ Ｓｔａｇｅ １ｓｔ」ライブビューイング,2018,4,8,20180408
4569,ＴＨＥ ＩＤＯＬＭ＠ＳＴＥＲ ＳｉｄｅＭ ３ｒｄＬＩＶＥツアー ＧＬＯＲＩＯＵＳ ＳＴ＠ＧＥ！ ＬＶ,2018,4,8,20180408
4594,ダンガル きっと、つよくなる,2018,4,9,20180409
4639,Ｘ ＪＡＰＡＮ ＬＩＶＥ ２０１７ ａｔ ｔｈｅ ＷＥＭＢＬＥＹ Ａｒｅｎａ ｉｎ ＬＯＮＤＯＮ,2018,4,11,20180411
4652,劇団☆新感線「修羅天魔 髑髏城の七人 Ｓｅａｓｏｎ極」ライブビューイング,2018,4,12,20180412
4657,ライブビューイング：ＯＮＷＡＲＤ ｐｒｅｓｅｎｔｓ 劇団☆新感線「髑髏城の七人」Ｓｅａｓｏｎ風 Ｐｒｏｄｕｃｅｄ ｂｙＴＢＳ,2018,4,12,20180412
4668,「修羅天魔 髑髏城の七人」Ｓｅａｓｏｎ極,2018,4,12,20180412
4675,名探偵コナン２０１８ ゼロの執行人（しっこうにん）,2018,4,13,20180413
4676,パシフィック・リム：アップライジング,2018,4,13,20180413
4677,映画クレヨンしんちゃん 爆盛！カンフーボーイズ～拉麺大乱～,2018,4,13,20180413
4722,さよなら、僕のマンハッタン,2018,4,14,20180414
4741,舞台「御茶ノ水ロック」千穐楽ライブビューイング,2018,4,15,20180415
4746,タイタニック,2018,4,15,20180415
4767,ＭＥＴライブビューイング２０１７－１８ セミラーミデ,2018,4,16,20180416
4852,いぬやしき,2018,4,20,20180420
4861,アンロック／陰謀のコード,2018,4,20,20180420
4876,レディ・プレイヤー１,2018,4,21,20180421
4883,リズと青い鳥,2018,4,21,20180421
4966,タクシー運転手 約束は海を越えて,2018,4,24,20180424
5025,アベンジャーズ／インフィニティ・ウォー,2018,4,27,20180427
5030,ママレード・ボーイ,2018,4,27,20180427
5031,Ｓａｉｎｔ Ｓｎｏｗ ＰＲＥＳＥＮＴＳ ＬＯＶＥＬＩＶＥ ＳＵＮＳＨＩＮＥ！！ ＨＡＫＯＤＡＴＥ,2018,4,27,20180427
5066,君の名前で僕を呼んで,2018,4,28,20180428
5105,となりの怪物くん,2018,4,30,20180430
5208,ホース・ソルジャー,2018,5,4,20180504
5215,サバービコン 仮面を被った街,2018,5,4,20180504
5224,機動戦士ガンダム ＴＨＥ ＯＲＩＧＩＮ 誕生 赤い彗星,2018,5,4,20180504
5227,ラプラスの魔女,2018,5,5,20180505
5238,デジモンアドベンチャーｔｒｉ．第６章「ぼくらの未来」,2018,5,5,20180505
5241,劇場版 プリパラ＆キラッとプリ☆チャン オーロラ,2018,5,5,20180505
5246,アイ，トーニャ 史上最大のスキャンダル,2018,5,5,20180505
5259,ミュージカル「刀剣乱舞」～結びの響、始まりの音～ ライブビューイング,2018,5,6,20180506
5320,ＭＥＴライブビューイング２０１７－１８ コジ・ファン・トゥッテ,2018,5,8,20180508
5371,さくら学院 ２０１７年度 ～転入式～ ライブ・ビューイング,2018,5,10,20180510
5382,モリーズ・ゲーム,2018,5,11,20180511
5383,ラブ×ドック,2018,5,11,20180511
5396,ミッドナイト・バス,2018,5,11,20180511
5403,孤狼の血,2018,5,12,20180512
5406,さらば青春、されど青春。,2018,5,12,20180512
5407,宝塚歌劇 花組博多座公演「あかねさす紫の花」「Ｓａｎｔｅ！！」ライブ中継,2018,5,12,20180512
5442,舞台「黒子のバスケ」ＩＧＮＩＴＥ－ＺＯＮＥ ライブビューイング,2018,5,13,20180513
5481,二人藤娘／日本振袖始 月イチ歌舞伎２０１６,2018,5,15,20180515
5498,ミッドナイト・サン タイヨウのうた,2018,5,15,20180515
5541,ラスト・ホールド！,2018,5,17,20180517
5550,ピーターラビット,2018,5,18,20180518
5551,のみとり侍,2018,5,18,20180518
5552,ランペイジ 巨獣大乱闘,2018,5,18,20180518
5581,ＧＯＤＺＩＬＬＡ 決戦機動増殖都市,2018,5,19,20180519
5588,モリのいる場所,2018,5,19,20180519
5611,仮面ライダーアマゾンズ ＴＨＥ ＭＯＶＩＥ 最後ノ審判,2018,5,20,20180520
5624,劇場版 プリパラ＆キラッとプリ☆チャン,2018,5,20,20180520
5641,ＭＥＴライブビューイング２０１７－１８ ルイザ・ミラー,2018,5,21,20180521
5700,ＥＸＩＬＥ ＴＨＥ ＳＥＣＯＮＤ ＬＩＶＥ ＴＯＵＲ ２０１７－２０１８ ライブビューイング,2018,5,24,20180524
5725,妻よ薔薇のように 家族はつらいよⅢ,2018,5,25,20180525
5726,恋は雨上がりのように,2018,5,25,20180525
5731,宇宙戦艦ヤマト２２０２ 愛の戦士たち 第五章,2018,5,25,20180525
5732,友罪,2018,5,25,20180525
5735,ゲティ家の身代金,2018,5,25,20180525
5754,コードギアス 反逆のルルーシュⅢ 皇道,2018,5,26,20180526
5789,「アイドリッシュセブン ＴＶアニメ１・２話 先行上映会」ライブビューイング,2018,5,27,20180527
5814,犬ヶ島,2018,5,28,20180528
5815,映画「ＳＥＶＥＮ／７」プレミアム先行限定上映,2018,5,28,20180528
5824,アンジュルム コンサートツアー ２０１８ 春 「十人十色」ライブビューイング,2018,5,28,20180528
5845,ファントム・スレッド,2018,5,29,20180529
5848,ＨＵＲＲＹ ＧＯ ＲＯＵＮＤ,2018,5,29,20180529
5861,平井堅 Ｋｅｎ’ｓ Ｂａｒ ライブ・ビューイング,2018,5,30,20180530
5880,デッドプール２,2018,5,31,20180531
5887,ＷＯＯＹＯＵＮＧ ＳＯＬＯ ＣＯＮＣＥＲＴ ２０１８ ”ＥＮ？ ＣＡＬＬ！ ｉｎ Ｊａｐａｎ” ＬＶ,2018,5,31,20180531
5902,５０回目のファーストキス,2018,6,1,20180601
5905,ＯＶＥＲ ＤＲＩＶＥ オーバードライブ,2018,6,1,20180601
5908,デッドプール,2018,6,1,20180601
5933,ＴＨＥ ＩＤＯＬＭ＠ＳＴＥＲ ＭＩＬＬＩＯＮ ＬＩＶＥ！ ５ｔｈ サンキューフォースマイル ＬＶ,2018,6,2,20180602
5948,ＰＥＡＣＥ ＭＡＫＥＲ 鐵 想道（オモウミチ）,2018,6,2,20180602
5949,レディ・バード,2018,6,2,20180602
5994,ＭＥＴライブビューイング２０１７－１８ サンドリヨン,2018,6,4,20180604
5999,キスできる餃子 完成披露試写会,2018,6,4,20180604
6060,ＣＨＡＮＳＵＮＧ（Ｆｒｏｍ ２ＰＭ）プレミアム ソロコンサート ２０１８’Ｃｏｍｐｌｅｘ”ＬＶ,2018,6,7,20180607
6075,万引き家族,2018,6,8,20180608
6086,Ｖｉｓｉｏｎ ビジョン,2018,6,8,20180608
6111,ラブライブ！サンシャイン！！Ａｑｏｕｒｓ ３ｒｄ ＬｏｖｅＬｉｖｅ！Ｔｏｕｒ ～ＷＯＮＤＥＲＦＵＬ,2018,6,9,20180609
6116,曇天に笑う 外伝 宿命、双頭の風魔,2018,6,9,20180609
6129,終わった人,2018,6,10,20180610
6130,羊と鋼の森,2018,6,10,20180610
6135,家に帰ると妻が必ず死んだふりをしています。,2018,6,10,20180610
6162,シネマ歌舞伎 東海道中膝栗毛 歌舞伎座捕物帖,2018,6,11,20180611
6173,あさがおと加瀬さん。,2018,6,11,20180611
6242,３０年後の同窓会,2018,6,14,20180614
6251,空飛ぶタイヤ,2018,6,15,20180615
6254,ワンダー 君は太陽,2018,6,15,20180615
6263,ニンジャバットマン,2018,6,15,20180615
6266,メイズ・ランナー２：砂漠の迷宮,2018,6,15,20180615
6293,Ｂ′ｚ ３０ｔｈ Ｙｅａｒ Ｅｘｈｉｂｉｔｉｏｎ ’ＳＣＥＮＥＳ” １９８８－２０１８,2018,6,16,20180616
6306,メイズ・ランナー 最期の迷宮,2018,6,17,20180617
6309,宝塚歌劇 宙組東京宝塚劇場公演「天は赤い河のほとり」「シトラスの風－－」千秋楽 ライブ中継,2018,6,17,20180617
6428,焼肉ドラゴン,2018,6,22,20180622
6437,ウタモノガタリ ＣＩＮＥＭＡ ＦＩＧＨＴＥＲＳ ｐｒｏｊｅｃｔ,2018,6,22,20180622
6444,天命の城,2018,6,22,20180622
6457,オンリー・ザ・ブレイブ,2018,6,23,20180623
6474,わたしに××しなさい！,2018,6,23,20180623
6497,女と男の観覧車,2018,6,24,20180624
6516,ＫＣＯＮ ２０１８ ＮＹ × Ｍ ＣＯＵＮＴＤＯＷＮ ライブ・ビューイング,2018,6,25,20180625
6541,猫は抱くもの,2018,6,26,20180626
6544,ゆずりは,2018,6,26,20180626
6549,フジコ・ヘミングの時間,2018,6,26,20180626
6600,ハン・ソロ／スター・ウォーズ・ストーリー,2018,6,29,20180629
6607,アメリカン・アサシン,2018,6,29,20180629
6612,Ｂｚ ３０ｔｈ Ｙｅａｒ Ｅｘｈｉｂｉｔｉｏｎ ＳＣＥＮＥＳ １９８８－２０１８ 劇場版,2018,6,29,20180629
6615,ウィンチェスターハウス アメリカで最も呪われた屋敷,2018,6,29,20180629
6654,パンク侍、斬られて候,2018,7,1,20180701
6669,Ｂｒｅａｋ Ｏｕｔ Ｐｒｅｓｅｎｔｓ ユーリ！！！ ｏｎ ＣＯＮＣＥＲＴ,2018,7,1,20180701
6692,宇宙戦隊キュウレンジャーＶＳスペース・スクワッド,2018,7,2,20180702
6729,それいけ！アンパンマン かがやけ！クルンといのちの星,2018,7,4,20180704
6732,ＣＨＡＴＭＯＮＣＨＹ ＬＡＳＴ ＯＮＥＭＡＮ ＬＩＶＥ ～Ｉ Ｌｏｖｅ ＣＨＡＴＭＯＮＣＨＹ～ ＬＶ,2018,7,4,20180704
6777,虹色デイズ,2018,7,6,20180706
6782,あんさんぶるスターズ！ＤＲＥＡＭ ＬＩＶＥ －２ｓｔ Ｔｏｕｒ Ｔｏｕｒ Ｂｒｉｇｈｔ Ｓｔａｒ！,2018,7,6,20180706
6793,バトル・オブ・ザ・セクシーズ,2018,7,6,20180706
6806,アイドリッシュセブン １ｓｔ ＬＩＶＥ「Ｒｏａｄ Ｔｏ Ｉｎｆｉｎｉｔｙ」ライブビューイング,2018,7,7,20180707
6807,宝塚歌劇 月組宝塚バウホール公演「愛聖女（サントダムール）」千秋楽 ライブ中継,2018,7,7,20180707
6816,Ｋ ＳＥＶＥＮ ＳＴＯＲＩＥＳ Ｅｐｉｓｏｄｅ １「Ｒ：Ｂ ～ＢＬＡＺＥ～」,2018,7,7,20180707
6821,ジュラシック・ワールド,2018,7,7,20180707
6824,アーリーマン ダグと仲間のキックオフ！,2018,7,7,20180707
6843,アイドリッシュセブンファン感謝祭ｖｏｌ．３～キミともっと×２愛を語らないと！～ライブビューイング,2018,7,8,20180708
6848,刺青奇偶 月イチ歌舞伎２０１８,2018,7,8,20180708
6933,ＭＵＳＥ ＤＲＯＮＥＳ ＷＯＲＬＤ ＴＯＵＲ,2018,7,12,20180712
6950,ジュラシック・ワールド／炎の王国,2018,7,13,20180713
6951,劇場版ポケットモンスター みんなの物語,2018,7,13,20180713
6964,銀幕版 湘南乃風 ～一期一会～,2018,7,13,20180713
6965,インサイド,2018,7,13,20180713
6970,グッバイ・ゴダール！,2018,7,13,20180713
7009,「Ｂ－ＰＲＯＪＥＣＴ ＳＵＭＭＥＲ ＬＩＶＥ ２０１８」ライブビューイング,2018,7,15,20180715
7040,ピース・ニッポン,2018,7,16,20180716
7065,ＢａｎＧ Ｄｒｅａｍ！ＴＨＥ ＴＨＩＲＤ ２ｎｄ ＬＩＶＥライブビューイング,2018,7,17,20180717
7126,未来のミライ,2018,7,20,20180720
7141,雨に唄えば,2018,7,20,20180720
7142,Ｂ＆♯３９；ｚ ３０ｔｈ Ｙｅａｒ Ｅｘｈｉｂｉｔｉｏｎ ＳＣＥＮＥＳ １９８８－２０１８,2018,7,20,20180720
7153,ＢＬＥＡＣＨ,2018,7,21,20180721
7164,ブエナ・ビスタ・ソシアル・クラブ★アディオス,2018,7,21,20180721
7171,ストリート・オブ・ファイヤー,2018,7,21,20180721
7184,宝塚歌劇 星組東京宝塚劇場公演「ＡＮＯＴＨＥＲ ＷＯＲＬＤ」「Ｋｉｌｌｅｒ Ｒｏｕｇｅ」千秋楽 ＬＶ,2018,7,22,20180722
7197,カメラを止めるな！,2018,7,22,20180722
7292,ラブライブ！サンシャイン！！Ａｑｏｕｒｓ ３ｒｄツアー 福岡公演Ｄａｙ．１ ディレイビューイング,2018,7,26,20180726
7311,ウインドリバー,2018,7,27,20180727
7318,メリー・ポピンズ,2018,7,27,20180727
7325,劇場版コード・ブルー －ドクターヘリ緊急救命－,2018,7,28,20180728
7332,ＳＭＴＯＷＮ２０１８ライブ・ビューイング,2018,7,28,20180728
7361,ＣＵＥ ＤＲＥＡＭ ＪＡＭ－ＢＯＲＥＥ ２０１８ ライブ・ビューイング,2018,7,29,20180729
7366,「ＳＭＴＯＷＮ ＬＩＶＥ ＷＯＲＬＤ ＴＯＵＲ ＶＩ ＩＮ ＪＡＰＡＮ」ライブビューイング,2018,7,29,20180729
7397,ヒトラーを欺いた黄色い星,2018,7,30,20180730
7426,インクレディブル・ファミリー,2018,8,1,20180801
7431,青夏 きみに恋した３０日,2018,8,1,20180801
7446,天童よしみスペシャルコンサートＶＯＩＣＥ 全国のみんなー！おいでよ！よしみの世界へ！ ライブ・ビューイング,2018,8,1,20180801
7449,志乃ちゃんは自分の名前が言えな,2018,8,1,20180801
7456,ＧＥＮＥＲＡＴＩＯＮＳ ＬＩＶＥ ＴＯＵＲ ２０１８ ライブビューイング,2018,8,2,20180802
7475,僕のヒーローアカデミア ＴＨＥ ＭＯＶＩＥ ～２人の英雄～,2018,8,3,20180803
7480,センセイ君主,2018,8,3,20180803
7489,スターリンの葬送狂騒曲,2018,8,3,20180803
7494,ボディガード,2018,8,3,20180803
7495,グリース,2018,8,3,20180803
7518,Ｋ ＳＥＶＥＮ ＳＴＯＲＩＥＳ Ｅｐｉｓｏｄｅ ２「ＳＩＤＥ：ＢＬＵＥ ～天狼の如く～」,2018,8,4,20180804
7529,劇場版 仮面ライダービルド／快盗戦隊ルパンレンジャー警察戦隊パトレンジャー,2018,8,5,20180805
7546,「戦刻ナイトブラッド」ライブイベント「戦ブライブ」ＬＩＶＥ ＶＩＥＷＩＮＧ,2018,8,5,20180805
7577,ミッション：インポッシブル フォールアウト,2018,8,7,20180807
7620,７号室,2018,8,8,20180808
7649,仮面舞踏会 ＭＥＴアンコール２０１７,2018,8,9,20180809
7668,追想,2018,8,10,20180810
7679,オーシャンズ８,2018,8,11,20180811
7690,大江戸りびんぐでっど シネマ歌舞伎,2018,8,11,20180811
7743,ＫＣＯＮ ２０１７ ＬＡ × Ｍ ＣＯＵＮＴＤＯＷＮ,2018,8,13,20180813
7772,シネマ歌舞伎 大江戸りびんぐでっど,2018,8,14,20180814
7815,ＯＳＩＲＩＳ ＴＨＥ ＬＡＳＴ ＧＩＧＳ ～Ｆｉｎａｌｅ～ ライブ・ビューイング,2018,8,16,20180816
7832,ペンギン・ハイウェイ,2018,8,17,20180817
7875,銀魂２ 掟は破るためにこそある,2018,8,19,20180819
7890,ミュージカル「刀剣乱舞」～阿津賀志山異聞巴里～ライブビューイング,2018,8,19,20180819
7891,「八王子ゾンビーズ」ライブ・ビューイング,2018,8,19,20180819
7904,劇場版 七つの大罪 天空の囚われ人,2018,8,20,20180820
7917,タリーと私の秘密の時間,2018,8,20,20180820
7924,英国総督 最後の家,2018,8,20,20180820
7973,寝ても覚めても 大阪プレミア,2018,8,22,20180822
8000,検察側の罪人,2018,8,24,20180824
8015,映画ドライブヘッド ～トミカハイパーレスキュー 機動救急警察～,2018,8,24,20180824
8018,ちいさな英雄－カニとタマゴと透明人間－,2018,8,24,20180824
8021,白鳥の湖 英国ロイヤルオペラハウス ２０１７／１８,2018,8,24,20180824
8038,劇場版 のんのんびより ばけーしょん,2018,8,25,20180825
8047,ＨｉＧＨ＆ＬＯＷ ＴＨＥ ＭＯＶＩＥ,2018,8,25,20180825
8048,ロメオとジュリエット ＭＥＴアンコール２０１７,2018,8,25,20180825
8069,テニスの王子様 ＢＥＳＴ ＧＡＭＥＳ！！ 手塚ｖｓ跡部,2018,8,27,20180827
8072,皇帝ペンギン ただいま,2018,8,27,20180827
8079,マンマ・ミーア！ ヒア・ウィー・ゴー,2018,8,28,20180828
8096,ＥＢｉＤＡＮ ＴＨＥ ＬＩＶＥ ２０１６～Ｓｕｍｍｅｒ Ｐａｒｔｙ～ ライブビューイング,2018,8,28,20180828
8155,ＳＵＮＮＹ 強い気持ち・強い愛,2018,8,31,20180831
8176,アントマン＆ワスプ,2018,9,1,20180901
8197,ボルグ／マッケンロー 氷の男と炎の男,2018,9,1,20180901
8208,劇場アニメ 君の膵臓をたべたい,2018,9,2,20180902
8215,宝塚歌劇 雪組東京宝塚劇場公演「凱旋門」「Ｇａｔｏ Ｂｏｎｉｔｏ！！」千秋楽 ＬＶ,2018,9,2,20180902
8222,Ｋｉｒａｍｕｎｅ ｐｒｅｓｅｎｔｓ ＫＡｍｉＹＵ ｉｎ Ｗｏｎｄｅｒｌａｎｄ ４ ライブビューイング,2018,9,2,20180902
8247,判決、ふたつの希望,2018,9,3,20180903
8338,泣き虫しょったんの奇跡,2018,9,7,20180907
8339,劇場版 フリクリ オルタナ,2018,9,7,20180907
8340,映画 おかあさんといっしょ はじめての大冒険,2018,9,7,20180907
8343,きらきら眼鏡,2018,9,7,20180907
8350,ＭＥＧ ザ・モンスター,2018,9,8,20180908
8361,ＴＨＥ ＩＤＯＬＭ＠ＳＴＥＲ ＣＩＮＤＥＲＥＬＬＡ ＧＩＲＬＳ ＳＳ３Ａ Ｌｉｖｅ Ｓｏｕｎｄ Ｂｏ,2018,9,8,20180908
8448,ＢＤ～明智探偵事務所～ 完成披露上映会,2018,9,11,20180911
8449,５００ページの夢の束,2018,9,11,20180911
8456,累－かさね－,2018,9,12,20180912
8501,ザ・プレデター,2018,9,14,20180914
8502,響－ＨＩＢＩＫＩ－,2018,9,14,20180914
8511,３Ｄ彼女 リアルガール,2018,9,14,20180914
8522,～２ＰＭ ＦＯＲＥＶＥＲ～ ６Ｎｉｇｈｔｓ ディレイビューイング Ｄａｙ１,2018,9,14,20180914
8523,愛しのアイリーン,2018,9,14,20180914
8542,ＡＤ－ＬＩＶＥ ２０１８ ライブ・ビューイング,2018,9,15,20180915
8575,プーと大人になった僕,2018,9,17,20180917
8588,Ｒｏｓｅｌｉａ Ｆａｎ Ｍｅｅｔｉｎｇ ２０１８ ＬＩＶＥ ＶＩＥＷＩＮＧ,2018,9,17,20180917
8675,コーヒーが冷めないうちに,2018,9,21,20180921
8714,食べる女,2018,9,22,20180922
8721,パパはわるものチャンピオン,2018,9,22,20180922
8730,スカイスクレイパー,2018,9,23,20180923
8743,死霊館のシスター,2018,9,23,20180923
8770,ラブライブ！サンシャイン！！Ａｑｏｕｒｓ クラブ活動 ＬＩＶＥ ＆ ＦＡＮ ＭＥＥＴＩＮＧ ２０１８,2018,9,24,20180924
8771,ミュージカル「テニスの王子様」３ｒｄシーズン ライブビューイング,2018,9,24,20180924
8816,「パーフェクトワールド君といる奇跡」先行有料上映会＆ライブビューイング,2018,9,26,20180926
8819,シネマ歌舞伎 海神別荘,2018,9,26,20180926
8824,パーフェクト・レボリューション,2018,9,26,20180926
8847,若おかみは小学生！,2018,9,27,20180927
8850,散り椿,2018,9,28,20180928
8853,クワイエット・プレイス,2018,9,28,20180928
8858,Ｆ６ １ｓｔ ＬＩＶＥ ＴＯＵＲ「Ｓａｔｉｓｆａｃｔｉｏｎ」」千秋楽 ライブビューイング,2018,9,28,20180928
8859,ＤＴＣ 湯けむり純情篇 ｆｒｏｍ ＨｉＧＨ＆ＬＯＷ,2018,9,28,20180928
8870,劇場版 フリクリ プログレ,2018,9,28,20180928
8875,劇場版 夏目友人帳 うつせみに結ぶ,2018,9,29,20180929
8890,ガールズ＆パンツァー 第６３回戦車道全国高校生大会総集編,2018,9,29,20180929
8919,クレイジー・リッチ！,2018,9,30,20180930
8930,宝塚歌劇 月組宝塚大劇場公演「エリザベート－愛と死の輪舞－」 ライブ中継,2018,10,1,20181001
9021,新感線☆ＲＳ「メタルマクベス」ｄｉｓｋ２ ライブビューイング,2018,10,4,20181004
9028,イコライザー２,2018,10,5,20181005
9033,あの頃、君を追いかけた,2018,10,5,20181005
9050,モンスターストライク ＴＨＥ ＭＯＶＩＥ ソラノカナタ,2018,10,6,20181006
9053,Ｒｅ：ゼロから始める異世界生活 Ｍｅｍｏｒｙ Ｓｎｏｗ,2018,10,6,20181006
9054,パーフェクトワールド 君といる奇跡,2018,10,6,20181006
9059,あのコの、トリコ。,2018,10,6,20181006
9062,日日是好日,2018,10,6,20181006
9093,ＡＤ－ＬＩＶＥ ２０１８ １００６石川界人 × 鳥海浩輔,2018,10,7,20181007
9098,「ゆるキャン△」スペシャルイベントライブ・ビューイング,2018,10,7,20181007
9201,ルイスと不思議の時計,2018,10,12,20181012
9246,法界坊 シネマ歌舞伎,2018,10,13,20181013
9247,アンダーザシルバーレイク,2018,10,13,20181013
9252,宇宙の法－黎明編－,2018,10,14,20181014
9261,音量を上げろタコ！なに歌ってんのか全然わかんねぇんだよ！！,2018,10,14,20181014
9326,ＴＷＩＣＥ １ｓｔ ＡＲＥＮＡ ＴＯＵＲ ２０１８ ”ＢＤＺ” ライブ・ビューイング,2018,10,17,20181017
9375,億男,2018,10,19,20181019
9380,ハナレイベイ,2018,10,19,20181019
9389,劇場版はいからさんが通る 後編 花の東京大ロマン,2018,10,19,20181019
9410,デス・ウィッシュ,2018,10,20,20181020
9445,「少女☆歌劇 レヴュースタァライト －Ｔｈｅ ＬＩＶＥ－」♯２ Ｔｒａｎｓｉｔｉｏｎ ＬＶ,2018,10,21,20181021
9448,２００１年宇宙の旅 ＩＭＡＸ上映,2018,10,21,20181021
9449,モンスター・ホテル２,2018,10,21,20181021
9490,劇場版 魔法少女リリカルなのは Ｄｅｔｏｎａｔｉｏｎ,2018,10,23,20181023
9497,マイプレシャスリスト,2018,10,23,20181023
9550,旅猫リポート,2018,10,26,20181026
9553,オズランド 笑顔の魔法おしえます。,2018,10,26,20181026
9554,ｓｅａｒｃｈ／サーチ,2018,10,26,20181026
9571,あいあい傘,2018,10,26,20181026
9600,映画ＨＵＧっと！プリキュア・ふたりはプリキュア オールスターズメモリーズ,2018,10,28,20181028
9607,宝塚歌劇 星組台湾公演「Ｔｈｕｎｄｅｒｂｏｌｔ Ｆａｎｔａｓｙ 東離劍遊紀」ライブ中継,2018,10,28,20181028
9618,Ｋｉｒａｍｕｎｅ ｐｒｅｓｅｎｔｓ リーディングライブ「カラーズ」 ライブビューイング,2018,10,28,20181028
9701,ビブリア古書堂の事件手帖,2018,11,1,20181101
9726,スマホを落としただけなのに,2018,11,2,20181102
9735,ＪＵＮＨＯ（Ｆｒｏｍ ２ＰＭ）ＴＨＥ ＳＰＥＣＩＡＬ ＤＡＹ 忘れられない日 ディレイビューイング,2018,11,2,20181102
9736,華氏１１９,2018,11,2,20181102
9737,ＪＵＮＨＯ（Ｆｒｏｍ ２ＰＭ）Ｗｉｎｔｅｒ Ｓｐｅｃｉａｌ Ｔｏｕｒ’冬の少年”ライブ・ビューイング,2018,11,2,20181102
9746,アイーダ ＭＥＴアンコール２０１７,2018,11,2,20181102
9753,うたの☆プリンスさまっ♪ ＱＵＡＲＴＥＴ ＮＩＧＨＴ ＬＩＶＥ ＦＵＴＵＲＥ ２０１８ ＬＶ,2018,11,3,20181103
9756,宇宙戦艦ヤマト２２０２ 愛の戦士たち 第六章,2018,11,3,20181103
9775,ヴェノム,2018,11,4,20181104
9782,走れ！Ｔ校バスケット部,2018,11,4,20181104
9811,ＭＥＴライブビューイング２０１８－１９ アイーダ,2018,11,5,20181105
9874,赤毛のアン 初恋,2018,11,7,20181107
9901,ういらぶ。,2018,11,9,20181109
9904,ＧＯＤＺＩＬＬＡ 星を喰う者,2018,11,9,20181109
9907,ジョニー・イングリッシュ／アナログの逆襲,2018,11,9,20181109
9910,ＰＯＲＮＯＧＲＡＦＦＩＴＴＩ しまなみロマンスポルノ１８ ディレイビューイング,2018,11,9,20181109
9917,体操しようよ,2018,11,9,20181109
9918,ポルノグラフィティ ’しまなみロマンポルノ’１８ ～ＴＨＥ ＬＩＶＥ ＶＩＥＷＩＮＧ～”,2018,11,9,20181109
9919,生きてるだけで、愛。,2018,11,9,20181109
9942,ＳＯＵＮＤＳ ＬＩＫＥ ＳＨＩＴ ： ｔｈｅ ｓｔｏｒｙ ｏｆ Ｈｉ－ＳＴＡＮＤＡＲＤ,2018,11,10,20181110
9957,続・終物語,2018,11,11,20181111
9964,ＡＮＥＭＯＮＥ／交響詩篇エウレカセブン ハイエボリューション,2018,11,11,20181111
9973,アンクル・ドリュー,2018,11,11,20181111
10000,ボヘミアン・ラプソディ,2018,11,13,20181113
10023,ＴＶアニメ「おそ松さん」 公開録音イベント ライブビューイング,2018,11,13,20181113
10036,月イチ歌舞伎 ふるあめりかに袖はぬらさじ,2018,11,14,20181114
10047,Ｃｏｌｄｐｌａｙ： Ａ Ｈｅａｄ Ｆｕｌｌ Ｏｆ Ｄｒｅａｍｓ,2018,11,14,20181114
10076,人魚の眠る家,2018,11,16,20181116
10081,ボーダーライン ソルジャーズ・デイ,2018,11,16,20181116
10092,母さんがどんなに僕を嫌いでも,2018,11,16,20181116
10097,ａｍａｚａｒａｓｈｉ ＬＩＶＥ ３６０°「虚無病」ライブ・ビューイング,2018,11,16,20181116
10106,Ｂｕｒｎ ｔｈｅ Ｓｔａｇｅ：ｔｈｅ Ｍｏｖｉｅ,2018,11,17,20181117
10115,ファンタスティック・ビーストと魔法使いの旅,2018,11,17,20181117
10130,宝塚歌劇 月組東京宝塚劇場公演「エリザベート－愛と死の輪舞（ロンド）－」千秋楽 ライブ中継,2018,11,18,20181118
10133,ラブライブ！サンシャイン！！Ａｑｏｕｒｓ ４ｔｈ Ｓａｉｌｉｎｇ ｔｏ ｔｈｅ Ｓｕｎｓｈｉｎｅ,2018,11,18,20181118
10172,鈴木家の嘘,2018,11,19,20181119
10199,アウト＆アウト,2018,11,20,20181120
10216,ＭＥＴ サン＝サーンス「サムソンとデリラ」,2018,11,21,20181121
10233,Ｔｏｋｙｏ ７ｔｈ シスターズ ４ｔｈ Ａｎｎｉｖｅｒｓａｒｙ Ｌｉｖｅ ディレイビューイング,2018,11,22,20181122
10250,ファンタスティック・ビーストと黒い魔法使いの誕生,2018,11,23,20181123
10259,ポリス・ストーリー ＲＥＢＯＲＮ,2018,11,23,20181123
10262,ＴＨＥ ＩＤＯＬＭ＠ＳＴＥＲ ＣＩＮＤＥＲＥＬＬＡ ＧＩＲＬＳ ６ｔｈ ＬＩＶＥ ライブビューイング,2018,11,23,20181123
10271,怪獣娘（黒） ウルトラ怪獣擬人化計画,2018,11,23,20181123
10272,ギャングース,2018,11,23,20181123
10281,ＡＡＡ ＤＯＭＥ ＴＯＵＲ ２０１８ ＣＯＬＯＲ Ａ ＬＩＦＥ ライブ・ビューイング,2018,11,24,20181124
10294,エリック・クラプトン～１２小節の人生～,2018,11,24,20181124
10295,ニートニートニート,2018,11,24,20181124
10308,喜劇「おそ松さん」千秋楽 ライブビューイング,2018,11,25,20181125
10309,ＰＥＲＳＯＮＡ５ ｔｈｅ Ａｎｉｍａｔｉｏｎ －Ｍａｓｑｕｅｒａｄｅ Ｐａｒｔｙ－,2018,11,25,20181125
10310,「ザンビ」ライブビューイング,2018,11,25,20181125
10311,ｓｏｕｖｅｎｉｒ ｔｈｅ ｍｏｖｉｅ ～ＭＡＲＩＹＡ ＴＡＫＥＵＣＨＩ Ｔｈｅａｔｅｒ Ｌｉｖｅ～,2018,11,25,20181125
10320,ハード・コア,2018,11,25,20181125
10323,ａｍａｚａｒａｓｈｉライブ「朗読演奏実験空間 新言語秩序」ライブビューイング＋ディレイビューイング,2018,11,25,20181125
10360,「さくら学院祭☆２０１８」ライブ・ビューイング,2018,11,27,20181127
10403,ＨＩＲＯＯＭＩ ＴＯＳＡＫＡ ＬＩＶＥ ＴＯＵＲ ２０１８ ライブ・ビューイング,2018,11,29,20181129
10408,井上芳雄 ｂｙ ＭＹＳＥＬＦ ＳＰＥＣＩＡＬ ＬＩＶＥ,2018,11,29,20181129
10427,機動戦士ガンダムＮＴ,2018,11,30,20181130
10428,くるみ割り人形と秘密の王国,2018,11,30,20181130
10435,くるみ割り人形,2018,11,30,20181130
10442,Ｍｅｒｒｙ Ｃｈｒｉｓｔｍａｓ！～ロンドンに奇跡を起こした男～,2018,11,30,20181130
10461,ＴＨＥ ＩＤＯＬＭ＠ＳＴＥＲ ＣＩＮＤＥＲＥＬＬＡ ＧＩＲＬ ６ｔｈ ＬＩＶＥ ライブビューイング,2018,12,1,20181201
10462,ヘレディタリー／継承,2018,12,1,20181201
10463,ＲＹＵＪＩ ＩＭＡＩＣＨＩ ＬＩＶＥ ＴＯＵＲ ２０１８’ＬＩＧＨＴ＞ＤＡＲＫＮＥＳＳ” ＬＶ,2018,12,1,20181201
10466,ｊａｍ,2018,12,1,20181201
10467,Ａｃｔ Ａｇａｉｎｓｔ ＡＩＤＳ ２０１８ 「ＴＨＥ ＶＡＲＩＥＴＹ ２６」ＬＶ,2018,12,1,20181201
10492,アース アメイジングデイ,2018,12,2,20181202
10499,ＳＰＹＡＩＲ ＡＲＥＮＡ ＴＯＵＲ ２０１５「ＤＹＮＡＭＩＴＥ ～シングル全部ヤリマス～」ライブ映像,2018,12,2,20181202
10506,かぞくいろ ＲＡＩＬＷＡＹＳ わたしたちの出発,2018,12,3,20181203
10521,マダムのおかしな晩餐会,2018,12,3,20181203
10588,新感線☆ＲＳ「メタルマクベス」ｄｉｓｋ３ ライブビューイング,2018,12,6,20181206
10597,６４－ロクヨン－前編,2018,12,6,20181206
10602,来る,2018,12,7,20181207
10613,パッドマン ５億人の女性を救った男,2018,12,7,20181207
10616,ＭＥＴ プッチーニ「西部の娘」,2018,12,7,20181207
10635,ＢａｎＧ Ｄｒｅａｍ！ ６ｔｈ☆ＬＩＶＥ ライブ・ビューイング,2018,12,8,20181208
10664,おとなの恋は、まわり道,2018,12,9,20181209
10667,シュウカツ２ 先行上映舞台挨拶,2018,12,9,20181209
10674,Ｂｚ ＰＡＲＴＹ Ｐｒｅｓｅｎｔｓ Ｐｌｅａｓｕｒｅ ｉｎ Ｈａｗａｉｉ,2018,12,9,20181209
10723,ラ・ラ・ランド,2018,12,11,20181211
10772,８ｔｈアルバム「Ｇｌｏｒｙ」発売記念！「Ｕ－ＫＩＳＳ ＳＰＥＣＩＡＬ ＬＩＶＥ ２０１８～Ｌｏｖｅ ＩＮ Ｋｉｓｓｍｅ～」プレミアム上映会,2018,12,13,20181213
10775,ドラゴンボール超 ブロリー,2018,12,14,20181214
10778,グリンチ,2018,12,14,20181214
10779,映画 妖怪ウォッチ ＦＯＲＥＶＥＲ ＦＲＩＥＮＤＳ フォーエバーフレンズ,2018,12,14,20181214
10814,ＪＵＮＨＯ（Ｆｒｏｍ ２ＰＭ）Ｌａｓｔ Ｃｏｎｃｅｒｔ ＪＵＮＨＯ ＴＨＥ ＢＥＳＴ,2018,12,15,20181215
10831,ミュージカル「刀剣乱舞」真剣乱舞祭２０１８ライブビューイング,2018,12,16,20181216
10832,春待つ僕ら,2018,12,16,20181216
10839,第８回ＡＫＢ４８紅白対抗歌合戦 ライブ・ビューイング,2018,12,16,20181216
10840,ＦＯＲ ＲＥＡＬ ２０１８ 遠い、クライマックス。,2018,12,16,20181216
10841,「モーニング娘。１８ 飯窪春菜卒業スペシャル」ライブビューイング,2018,12,16,20181216
10894,メアリーの総て,2018,12,18,20181218
10895,バーフバリ 伝説誕生,2018,12,18,20181218
10906,Ｌ’Ａｒｃ～ｅｎ～Ｃｉｅｌ ＬＩＶＥ ２０１８ Ｌ’ＡｒＣｈｒｉｓｔｍａｓ ライヴビューイング,2018,12,19,20181219
10953,アリー／スター誕生,2018,12,21,20181221
10962,私は、マリア・カラス,2018,12,21,20181221
10965,パリの恋人,2018,12,21,20181221
10976,シュガー・ラッシュ：オンライン,2018,12,22,20181222
10983,タカラヅカスペシャル２０１８ Ｓａｙ！ Ｈｅｙ！ Ｓｈｏｗ Ｕｐ！！ライブビューイング,2018,12,22,20181222
10984,ニセコイ,2018,12,22,20181222
10989,ＨＩＲＯＯＭＩ ＴＯＳＡＫＡ ＬＩＶＥ ＴＯＵＲ ２０１８ ＦＵＬＬ ＭＯＯＮ ライブ・ビューイング,2018,12,22,20181222
10996,ＮＩＣＨＫＨＵＮ（Ｆｒｏｍ ２ＰＭ）Ｐｒｅｍｉｕｍ Ｓｏｌｏ Ｃｏｎｃｅｒｔ ２０１８ ’ＨＯＭＥ”,2018,12,22,20181222
10999,月イチ歌舞伎 野田版 鼠小僧,2018,12,22,20181222
11002,平成仮面ライダー２０作記念 仮面ライダー平成ジェネレーションズ ＦＯＲＥＶＥＲ,2018,12,23,20181223
11037,宝塚歌劇 宙組東京宝塚劇場公演「白鷺の城」「異人たちのルネサンス」千秋楽 ライブ中継,2018,12,24,20181224
11098,ボリショイ・バレエｉｎシネマ Ｓｅａｓｏｎ２０１８－１９「ドン・キホーテ」,2018,12,26,20181226
11113,水溜りボンド ＳＰＥＣＩＡＬ ＳＴＡＧＥ ２０１８ ｉｎ ＴＯＫＹＯ ライブビューイング,2018,12,27,20181227
11132,こんな夜更けにバナナかよ 愛しき実話,2018,12,28,20181228
11139,アイ・フィール・プリティ！ 人生最高のハプニング 先行上映会,2018,12,28,20181228
11148,ヴィヴィアン・ウエストウッド 最強のエレガンス,2018,12,28,20181228
11199,握手会付き）平成仮面ライダー２０作記念 仮面ライダー平成ジェネレーションズＦＯＲＥＶＥＲ,2018,12,30,20181230
11214,ＡＡＡ Ｃ．Ａ．Ｌ Ａｆｔｅｒ Ｐａｒｔｙ ２０１８ ディレイビューイング,2018,12,31,20181231
11217,ＳＴＡＧＥ ＦＥＳ ２０１８ ライブビューイング,2018,12,31,20181231
11220,それだけが、僕の世界,2018,12,31,20181231
11221,Ｈｅｌｌｏ！ Ｐｒｏｊｅｃｔ ２０１８ ＳＵＭＭＥＲ ライブビューイング,2018,12,31,20181231
11302,ラブライブ！サンシャイン！！ザ スクール アイドル Ｍｏｖｉｅ Ｏｖｅｒ ｔｈｅ Ｒａｉｎｂｏｗ,2019,1,4,20190104
11317,劇場版プリパラ プリズム☆ツアーズ ルート４（旧作）,2019,1,4,20190104
11318,ホイットニー～オールウェイズ・ラヴ・ユー～,2019,1,4,20190104
11319,「ＨｉＧＨ＆ＬＯＷ ＴＨＥ ＭＯＶＩＥ」完成披露 ライブビューイング,2019,1,4,20190104
11320,劇場版総集編 （前編）メイドインアビス 旅立ちの夜明け,2019,1,4,20190104
11337,ワイルド・ストーム,2019,1,5,20190105
11342,ラブライブ！サンシャイン！！Ａｑｏｕｒｓ クラブ活動,2019,1,5,20190105
11477,クリード 炎の宿敵,2019,1,11,20190111
11486,この道,2019,1,11,20190111
11497,喜望峰の風に乗せて,2019,1,11,20190111
11500,Ｆａｔｅ／ｓｔａｙ ｎｉｇｈｔ Ｈｅａｖｅｎｓ Ｆｅｅｌ 第二章,2019,1,12,20190112
11517,シネマ歌舞伎 沓手鳥孤城落月（ほととぎすこじょうのらくげつ）／楊貴妃（ようきひ）,2019,1,12,20190112
11520,劇場版 めんたいぴりり,2019,1,12,20190112
11533,「あんさんぶるスターズ！ Ｓｔａｒｒｙ Ｓｔａｇｅ ２ｓｔ」ライブビューイング,2019,1,13,20190113
11540,「Ｆｒｅｅ！－Ｄｉｖｅ ｔｏ ｔｈｅ Ｆｕｔｕｒｅ－」ライブビューイング,2019,1,13,20190113
11545,ラブライブ！Ａｑｏｕｒｓクラブ活動,2019,1,13,20190113
11568,ＡＫＢ４８ 新春！チーム８祭り ２０１９ ライブ・ビューイング,2019,1,14,20190114
11593,ＯＮＥ ＰＩＥＣＥ ＦＩＬＭ ＧＯＬＤ,2019,1,15,20190115
11610,蜘蛛の巣を払う女,2019,1,16,20190116
11649,劇場版マクロスＦ 恋離飛翼～サヨナラノツバサ～,2019,1,17,20190117
11650,マスカレード・ホテル,2019,1,18,20190118
11651,映画 刀剣乱舞,2019,1,18,20190118
11656,ＴＡＸｉ ダイヤモンド・ミッション,2019,1,18,20190118
11657,ユーリ！！！ ｏｎ ＩＣＥ 一挙上映 Ｐａｒｔ．１（ＴＶ♯１～♯４）,2019,1,18,20190118
11658,ミスター・ガラス,2019,1,18,20190118
11661,マイル２２,2019,1,18,20190118
11668,チワワちゃん,2019,1,18,20190118
11669,劇場版 ダーウィンが来た！ アフリカ新伝説,2019,1,18,20190118
11670,バジュランギおじさんと、小さな迷子,2019,1,18,20190118
11683,ＡＫＢ４８グループリクエストアワー セットリストベスト１００ ２０１９,2019,1,19,20190119
11748,ＭＥＴライブビューイング２０１８－１９ マーニー,2019,1,21,20190121
11797,ライ麦畑の反逆児 ひとりぼっちのサリンジャー,2019,1,23,20190123
11802,宝塚歌劇 月組宝塚バウホール公演「Ａｎｎａ Ｋａｒｅｎｉｎａ」千秋楽 ライブ中継,2019,1,24,20190124
11833,ビルド ＮＥＷ ＷＯＲＬＤ 仮面ライダークローズ,2019,1,25,20190125
11834,そらのレストラン,2019,1,25,20190125
11837,愛唄－約束のナクヒト－,2019,1,25,20190125
11840,サスペリア,2019,1,25,20190125
11847,あした世界が終わるとしても,2019,1,25,20190125
11870,がっこうぐらし！,2019,1,26,20190126
11871,ユーリ！！！ ｏｎ ＩＣＥ 一挙上映 Ｐａｒｔ．２（ＴＶ♯５～♯８）,2019,1,26,20190126
11872,サイバーミッション,2019,1,26,20190126
11881,２０１９ Ｗａｎｎａ Ｏｎｅ Ｃｏｎｃｅｒｔ 「Ｔｈｅｒｅｆｏｒｅ」 ライブ・ビューイング,2019,1,27,20190127
11884,ＰＳＹＣＨＯ－ＰＡＳＳ サイコパス Ｃａｓｅ．１「罪と罰」,2019,1,27,20190127
11901,十二人の死にたい子どもたち,2019,1,28,20190128
11928,ＨＹＤＥ ＡＣＯＵＳＴＩＣ ＣＯＮＣＥＲＴ ２０１９ 黑ミサ ＢＩＲＴＨＤＡＹ －ＷＡＫＡＹＡＭＡ－,2019,1,29,20190129
11949,ナチス第三の男,2019,1,29,20190129
11984,メリー・ポピンズ リターンズ,2019,1,31,20190131
11997,ヴィクトリア女王 最期の秘密,2019,1,31,20190131
12000,七つの会議,2019,2,1,20190201
12011,フロントランナー,2019,2,1,20190201
12022,バーニング 劇場版,2019,2,1,20190201
12027,雪の華,2019,2,2,20190202
12036,フライングドッグ１０周年記念ＬＩＶＥ 犬フェス ＬＩＶＥ ＶＩＥＷＩＮＧ,2019,2,2,20190202
12039,ユーリ！！！ ｏｎ ＩＣＥ 一挙上映 Ｐａｒｔ．３（ＴＶ♯９～♯１２）,2019,2,2,20190202
12042,映画「ドキュメンターテイメント ＡＤ－ＬＩＶＥ」,2019,2,2,20190202
12063,映画 コラショの海底わくわく大冒険！,2019,2,3,20190203
12162,天才作家の妻 －４０年目の真実－,2019,2,7,20190207
12175,アクアマン,2019,2,8,20190208
12176,劇場版シティーハンター 新宿プライベート・アイズ,2019,2,8,20190208
12179,ファースト・マン,2019,2,8,20190208
12184,劇場版 幼女戦記,2019,2,8,20190208
12223,怪盗キッドの宝石の夜（Ｊｅｗｅｌ Ｎｉｇｈｔ）,2019,2,9,20190209
12240,ＥＸＩＬＥ ＬＩＶＥ ＴＯＵＲ ２０１８－２０１９ ”ＳＴＡＲ ＯＦ ＷＩＳＨ”ライブ・ビューイング,2019,2,10,20190210
12247,ももいろクローバーＺ ももクロくらぶ×◯×◯ ～バレンタイン ＤＥ ＮＩＧＨＴ だぁ～Ｚ ２０１９,2019,2,10,20190210
12272,ＭＥＴライブビューイング２０１８－１９ 椿姫,2019,2,11,20190211
12307,コードギアス 復活のルルーシュ,2019,2,13,20190213
12318,洗骨,2019,2,13,20190213
12335,半世界,2019,2,14,20190214
12350,フォルトゥナの瞳,2019,2,15,20190215
12355,ＰＳＹＣＨＯ－ＰＡＳＳ サイコパス Ｃａｓｅ．２「Ｆｉｒｓｔ Ｇｕａｒｄｉａｎ」,2019,2,15,20190215
12358,劇場版 ダンジョンに出会いを求めるのは間違っているだろうか,2019,2,15,20190215
12363,女王陛下のお気に入り,2019,2,15,20190215
12388,トラさん 僕が猫になったワケ,2019,2,16,20190216
12397,劇場版 王室教師ハイネ,2019,2,16,20190216
12398,ＦＩＧＨＴＥＲＳ ＴＨＥ ＭＯＶＩＥ ～Ｃｈａｌｌｅｎｇｅ ｗｉｔｈ Ｄｒｅａｍ～,2019,2,16,20190216
12417,Ａ３！ＢＬＯＯＭＩＮＧ ＬＩＶＥ ライブビューイング,2019,2,17,20190217
12424,ミュージカル「テニスの王子様」３ｒｄシーズン 青学ｖｓ四天宝寺 大千秋楽ライブビューイング,2019,2,17,20190217
12507,ＢａｎＧ Ｄｒｅａｍ！ ７ｔｈ☆ＬＩＶＥ ライブ・ビューイング,2019,2,21,20190221
12526,翔んで埼玉,2019,2,22,20190222
12535,ねことじいちゃん,2019,2,22,20190222
12556,僕の彼女は魔法使い,2019,2,23,20190223
12561,サムライマラソン,2019,2,23,20190223
12574,ＴＨＥ ＧＵＩＬＴＹ ギルティ,2019,2,23,20190223
12575,乃木坂４６ ７ｔｈ ＹＥＡＲ ＢＩＲＴＨＤＡＹ ＬＩＶＥ Ｄａｙ４ 西野七瀬 卒業コンサート ＬＶ,2019,2,24,20190224
12626,アリータ：バトル・エンジェル,2019,2,26,20190226
12675,グリーンブック,2019,3,1,20190301
12688,スパイダーマン スパイダーバース,2019,3,1,20190301
12691,移動都市／モータル・エンジン,2019,3,1,20190301
12700,映画ドラえもん ２０１９ のび太の月面探査記,2019,3,2,20190302
12709,九月の恋と出会うまで,2019,3,2,20190302
12712,宇宙戦艦ヤマト２２０２ 愛の戦士たち 第七章,2019,3,2,20190302
12799,ＫＩＮＧ ＯＦ ＰＲＩＳＭ Ｓｈｉｎｙ Ｓｅｖｅｎ Ｓｔａｒｓ Ｉ,2019,3,5,20190305
12854,ＰＳＹＣＨＯ－ＰＡＳＳ サイコパス Ｃａｓｅ．３「恩讐の彼方に＿＿」,2019,3,8,20190308
12861,劇場版ウルトラマンＲ／Ｂ セレクト！絆のクリスタル,2019,3,8,20190308
12868,シンプル・フェイバー,2019,3,8,20190308
12873,ＭＥＴライブビューイング２０１８－１９ カルメン,2019,3,8,20190308
12878,運び屋,2019,3,9,20190309
12899,ＴＨＥ ＩＤＯＬＭ＠ＳＴＥＲ ＳＨＩＮＹ ＣＯＬＯＲＳ １ｓｔ ＬＩＶＥ ライブビューイング,2019,3,9,20190309
12918,「Ｂ－ＰＲＯＪＥＣＴ ＴＨＲＩＶＥ ＬＩＶＥ ２０１９」ライブビューイング,2019,3,10,20190310
12929,宝塚歌劇 花組宝塚大劇場公演「ＣＡＳＡＮＯＶＡ」千秋楽 ライブ中継,2019,3,11,20190311
12942,「Ｊｕｉｃｅ＝Ｊｕｉｃｅ ＬＩＶＥ ＡＲＯＵＮＤ ＦＩＮＡＬ ａｔ 日本武道館」 ライブビューイング,2019,3,11,20190311
12943,「銀幕の松之丞２０１９」ライブ中継,2019,3,11,20190311
13026,君は月夜に光り輝く,2019,3,15,20190315
13027,えいがのおそ松さん,2019,3,15,20190315
13042,ＴＨＥ ＩＤＯＬＭ＠ＳＴＥＲ ＳｉｄｅＭ ＰＲＯＤＵＣＥＲ ＭＥＥＴＩＮＧ ライブビューイング,2019,3,15,20190315
13043,ふたりの女王 メアリーとエリザベス,2019,3,15,20190315
13052,映画 プリキュアミラクルユニバース,2019,3,16,20190316
13059,映画しまじろう しまじろうとうるるのヒーローランド,2019,3,16,20190316
13076,キャプテン・マーベル,2019,3,17,20190317
13087,「ゾンビランドサガＬＩＶＥ～フランシュシュみんなでおらぼう！～」ライブビューイング,2019,3,17,20190317
13172,まく子,2019,3,20,20190320
13179,ＰＲＩＮＣＥ ＯＦ ＬＥＧＥＮＤ,2019,3,21,20190321
13186,Ｌ・ＤＫ ひとつ屋根の下、「スキ」がふたつ。,2019,3,21,20190321
13201,バンブルビー,2019,3,22,20190322
13214,ブラック・クランズマン,2019,3,22,20190322
13217,ビリーブ 未来への大逆転,2019,3,22,20190322
13238,ＫＩＮＧ ＯＦ ＰＲＩＳＭ－Ｓｈｉｎｙ Ｓｅｖｅｎ Ｓｔａｒｓ－Ⅱ カケル×ジョージ×ミナト,2019,3,23,20190323
13239,ＮＡＮＡ ＭＵＳＩＣ ＬＡＢＯＲＡＴＯＲＹ ２０１９ ～ナナラボ～ ＬＩＶＥ ＶＩＥＷＩＮＧ,2019,3,23,20190323
13248,２ＰＭ ＪＵＮＨＯ ＳＯＬＯ ＣＯＮＣＥＲＴ ＜ＪＵＮＨＯ ＴＨＥ ＢＥＳＴ ＩＮ ＳＥＯＵＬ＞,2019,3,23,20190323
13269,ミュージカル「刀剣乱舞」～三百年の子守唄～ライブビューイング,2019,3,24,20190324
13274,ラブライブ！サンシャイン！！Ａｑｏｕｒｓ ワールド ラブライブ！ アジアツアー ２０１９ ＬＶ,2019,3,24,20190324
13315,劇場版シティーハンター 新宿プライベート・アイズ 舞台挨拶中継,2019,3,26,20190326
13376,映画 少年たち,2019,3,29,20190329
13377,ダンボ,2019,3,29,20190329
13390,鬼滅の刃 兄妹の絆,2019,3,29,20190329
13393,Ｚｅｐｐ Ｔｏｋｙｏ ２０ｔｈ Ａｎｎｉｖｅｒｓａｒｙ ＨＹＤＥ ＬＩＶＥ ２０１９ ＤＥＬＡＹ ＶＩＥＷＩＮＧ,2019,3,29,20190329
13442,舞台「仮面ライダー斬月」鎧武外伝 ライブビューイング,2019,3,31,20190331
13447,レゴ（Ｒ） ムービー２,2019,3,31,20190331
13470,記者たち～衝撃と畏怖の真実～,2019,4,1,20190401
13499,,2019,4,2,20190402
13556,バイス,2019,4,5,20190405
13559,映画 きかんしゃトーマス Ｇｏ！Ｇｏ！地球まるごとアドベンチャー,2019,4,5,20190405
13564,テニスの王子様 ＢＥＳＴ ＧＡＭＥＳ！！ 乾・海堂ｖｓ宍戸・鳳 大石・菊丸ｖｓ仁王・柳生,2019,4,5,20190405
13565,麻雀放浪記２０２０,2019,4,5,20190405
13568,４月の君、スピカ。,2019,4,5,20190405
13571,シネマ歌舞伎 野田版 桜の森の満開の下,2019,4,5,20190405
13576,欅坂４６「３ｒｄ ＹＥＡＲ ＡＮＮＩＶＥＲＳＡＲＹ ＬＩＶＥ」ライブ・ビューイング,2019,4,6,20190406
13587,ＴＷＩＣＥ ＤＯＭＥ ＴＯＵＲ ２０１９ ♯Ｄｒｅａｍｄａｙ,2019,4,6,20190406
13698,未知との遭遇 ファイナル・カット版,2019,4,10,20190410
13725,名探偵コナン２０１９ 紺青の拳（フィスト）,2019,4,12,20190412
13726,ハンターキラー 潜航せよ,2019,4,12,20190412
13737,ビューティフル・ボーイ,2019,4,12,20190412
13740,多十郎殉愛記,2019,4,12,20190412
13749,ぼくらのショウタイム,2019,4,12,20190412
13758,ハロウィン,2019,4,13,20190413
13759,ＫＩＮＧ ＯＦ ＰＲＩＳＭ－Ｓｈｉｎｙ Ｓｅｖｅｎ Ｓｔａｒｓ－Ⅲ レオ×ユウ×アレク,2019,4,13,20190413
13768,ＬＯＶＥ ＬＩＶＥ！ ＳＵＮＳＨＩＮＥ！！ Ａｑｏｕｒｓ ２０１９ ｉｎ Ｔａｉｐｅｉ,2019,4,13,20190413
13803,宝塚歌劇 月組宝塚大劇場公演「夢現無双」「クルンテープ」 ライブ中継,2019,4,15,20190415
13824,ＭＥＴライブビューイング２０１８－１９ 連隊の娘,2019,4,15,20190415
13895,ＢＵＣＫ－ＴＩＣＫ～ＣＬＩＭＡＸ ＴＯＧＥＴＨＥＲ～,2019,4,18,20190418
13900,キングダム,2019,4,19,20190419
13903,劇場版 響け！ユーフォニアム～誓いのフィナーレ～,2019,4,19,20190419
13904,映画クレヨンしんちゃん 新婚旅行ハリケーン 失われたひろし,2019,4,19,20190419
13939,アイドリッシュセブン ファン感謝祭ｖｏｌ．４～Ｗｅｌｃｏｍｅ！愛なＮｉｇｈｔ！～ライブビューイング,2019,4,20,20190420
13978,シャザム！,2019,4,22,20190422
13989,愛がなんだ,2019,4,22,20190422
13996,ある少年の告白,2019,4,22,20190422
14021,僕たちのラストステージ,2019,4,23,20190423
14054,「佐藤 健 ３０ｔｈ ＡＮＮＩＶＥＲＳＡＲＹ ＥＶＥＮＴ」ライブ・ビューイング,2019,4,25,20190425
14067,アベンジャーズ／エンドゲーム,2019,4,25,20190425
14088,東映まんがまつり,2019,4,26,20190426
14091,（ＩＭＡＸアクアマン,2019,4,26,20190426
14104,ＳＥＶＥＮＴＥＥＮ ２０１９ ＪＡＰＡＮ ＴＯＵＲ ＨＡＲＵ ライブ・ビューイング,2019,4,27,20190427
14111,ＴＨＥ ＩＤＯＬＭ＠ＳＴＥＲ ＭＩＬＬＩＯＮ ＬＩＶＥ！ ６ｔｈ ＬＩＶＥ ＴＯＵＲ ＬＶ,2019,4,27,20190427
14156,ＥＸＯ－ＣＢＸ ’ＭＡＧＩＣＡＬ ＣＩＲＣＵＳ” ２０１９ －Ｓｐｅｃｉａｌ Ｅｄｉｔｉｏｎ－ ライブビューイング,2019,4,29,20190429
14161,「僕のヒーローアカデミア」Ｔｈｅ Ｕｌｔｒａ Ｓｔａｇｅ ライブビューイング,2019,4,29,20190429
14190,映画 少年たち （実演映像付き上映Ｂ）,2019,4,30,20190430
14207,バースデー・ワンダーランド,2019,5,1,20190501
14256,ルパンレンジャーＶＳパトレンジャーＶＳキュウレンジャー,2019,5,3,20190503
14261,中島みゆき 「夜会工場ＶＯＬ．２」 劇場版,2019,5,3,20190503
14264,ザフォーリナー／復讐者,2019,5,3,20190503
14277,名探偵ピカチュウ,2019,5,4,20190504
14280,映画 賭ケグルイ,2019,5,4,20190504
14339,「舞台 ＰＳＹＣＨＯ－ＰＡＳＳ サイコパス Ｖｉｒｔｕｅ ａｎｄ Ｖｉｃｅ」ライブビューイング,2019,5,6,20190506
14340,ＫＩＮＧ ＯＦ ＰＲＩＳＭ－Ｓｈｉｎｙ Ｓｅｖｅｎ Ｓｔａｒｓ Ⅳ ルヰ×シン×Ｕｎｋｎｏｗｎ,2019,5,6,20190506
14413,さくら学院年度 ～転入式～ライブ・ビューイング,2019,5,9,20190509
14430,甲鉄城のカバネリ 総集編 後編,2019,5,10,20190510
14431,ラ・ヨローナ 泣く女,2019,5,10,20190510
14438,僕に、会いたかった,2019,5,10,20190510
14439,轢き逃げ －最高の最悪な日－,2019,5,10,20190510
14440,ＭＥＴライブビューイング２０１８－１９ ワルキューレ,2019,5,10,20190510
14449,ホワイト・クロウ 伝説のダンサー,2019,5,10,20190510
14458,轢き逃げ 最高の最悪な日,2019,5,11,20190511
14459,甲鉄城のカバネリ 海門決戦,2019,5,11,20190511
14460,〈物語〉フェス ～１０ｔｈ Ａｎｎｉｖｅｒｓａｒｙ Ｓｔｏｒｙ～ ライブ・ビューイング,2019,5,11,20190511
14463,オーヴァーロード,2019,5,11,20190511
14464,初恋 お父さん、チビがいなくなりました,2019,5,11,20190511
14483,チア男子！！,2019,5,12,20190512
14524,ばあばは、だいじょうぶ,2019,5,13,20190513
14549,２ＰＭ デビュー１０周年プレミアム企画 －２ＰＭ ＦＯＲＥＶＥＲ－ ６Ｎｉｇｈｔｓ ディレイビューイング,2019,5,14,20190514
14554,ＣＮＢＬＵＥ：ＦＩＬＭ ＬＩＶＥ ＩＮ ＪＡＰＡＮ ２０１１－２０１７ ＯＵＲ ＶＯＩＣＥＳ,2019,5,15,20190515
14601,居眠り磐音,2019,5,17,20190517
14608,レプリカズ,2019,5,17,20190517
14619,ＫＣＯＮ ２０１９ ＪＡＰＡＮ ライブ・ビューイング,2019,5,17,20190517
14630,うちの執事が言うことには,2019,5,18,20190518
14637,蒼穹のファフナー ＴＨＥ ＢＥＹＯＮＤ,2019,5,18,20190518
14650,コンフィデンスマンＪＰ,2019,5,19,20190519
14673,シネマ歌舞伎 スーパー歌舞伎ＩＩ ワンピース,2019,5,19,20190519
14688,山下達郎 シアター・ライヴ ＰＥＲＦＯＲＭＡＮＣＥ １９８４－２０１２,2019,5,20,20190520
14717,ＳＫＥ４８版「ハムレット」ディレイ・ビューイング,2019,5,21,20190521
14748,コレット,2019,5,22,20190522
14757,舞台「ＣＯＣＯＯＮ 月の翳り星ひとつ」ライブビューイング,2019,5,23,20190523
14762,プロメア 公開前夜祭,2019,5,23,20190523
14775,空母いぶき,2019,5,24,20190524
14790,パリ、嘘つきな恋,2019,5,24,20190524
14795,ベン・イズ・バック,2019,5,24,20190524
14812,小さな恋のうた,2019,5,25,20190525
14837,ＴＨＥ ＲＡＭＰＡＧＥ ＬＩＶＥ ＴＯＵＲ２０１９ ＴＨＲＯＷ ＹＡ ＦＩＳＴ ライブビューイング,2019,5,26,20190526
14840,神と共に 第一章 罪と罰,2019,5,26,20190526
14883,プロメア,2019,5,28,20190528
14950,ゴジラ キング・オブ・モンスターズ,2019,5,31,20190531
14951,パラレルワールド・ラブストーリー,2019,5,31,20190531
14962,さよならくちびる,2019,5,31,20190531
14963,ＬＵＰＩＮ ＴＨＥ ＩＩＩＲＤ 峰不二子の嘘,2019,5,31,20190531
14970,ライフ・オン・ザ・ロングボード ２ｎｄ Ｗａｖｅ,2019,5,31,20190531
14973,ゴッドファーザー,2019,5,31,20190531
14982,貞子,2019,6,1,20190601
14985,長いお別れ,2019,6,1,20190601
14994,ＬＵＮＡ ＳＥＡ ３０ｔｈ ａｎｎｉｖｅｒｓａｒｙ ＬＩＶＥ ライブビューイング,2019,6,1,20190601
15013,ＭＡＣＲＯＳＳ ＣＲＯＳＳＯＶＥＲ ＬＩＶＥ ２０１９ ａｔ 幕張メッセ ＬＩＶＥ ＶＩＥＷＩＮＧ,2019,6,2,20190602
15024,歎異抄をひらく,2019,6,2,20190602
15045,氷上の王、ジョンカリー,2019,6,3,20190603
15128,海獣の子供,2019,6,7,20190607
15133,スノー・ロワイヤル,2019,6,7,20190607
15134,町田くんの世界,2019,6,7,20190607
15141,カルメル会修道女の対話 ＭＥＴ,2019,6,7,20190607
15146,パドマーワト 女神の誕生,2019,6,7,20190607
15149,ＳＫＥ４８コンサート炎の関東ツアー２０１９ ～みなさん長らくお待たせしました～ ライブ・ビューイング,2019,6,7,20190607
15150,アラジン,2019,6,8,20190608
15163,ラブライブ！サンシャイン！！Ａｑｏｕｒｓ ５ｔｈ ＬｏｖｅＬｉｖｅ！ Ｎｅｘｔ ＳＰＡＲＫＬＩＮＧ！,2019,6,8,20190608
15168,エリカ３８,2019,6,8,20190608
15195,Ｄｉｓｎｅｙ 声の王子様 Ｖｏｉｃｅ Ｓｔａｒｓ Ｄｒｅａｍ Ｌｉｖｅ ２０１９ ライブビューイング,2019,6,9,20190609
15222,クローゼットに閉じこめられた僕の奇想天外な旅,2019,6,10,20190610
15301,メン・イン・ブラック インターナショナル,2019,6,14,20190614
15302,劇場版 うたの☆プリンスさまっ♪ マジＬＯＶＥキングダム,2019,6,14,20190614
15311,泣くな赤鬼,2019,6,14,20190614
15320,劇場版 誰ガ為のアルケミスト,2019,6,14,20190614
15321,ウィーアーリトルゾンビーズ,2019,6,14,20190614
15322,ハウスジャックビルト,2019,6,14,20190614
15323,ある町の高い煙突,2019,6,14,20190614
15324,柴公園,2019,6,14,20190614
15327,ガールズ＆パンツァー 最終章 第２話,2019,6,15,20190615
15368,劇場版 Ｆａｔｅ／ｋａｌｅｉｄ ｌｉｎｅｒ プリズマ☆イリヤ プリズマ☆ファンタズム,2019,6,16,20190616
15397,ハロプロ プレミアム Ｊｕｉｃｅ＝Ｊｕｉｃｅ ＣＯＮＣＥＲＴ ＴＯＵＲ ２０１９ －ＪｕｉｃｅＦｕｌｌ！！！！！！！－ ＦＩＮＡＬ 宮崎由加卒業スペシャル,2019,6,17,20190617
15432,青春ブタ野郎はゆめみる少女の夢を見ない,2019,6,19,20190619
15477,Ｘ－ＭＥＮ：ダーク・フェニックス,2019,6,21,20190621
15488,シネマ歌舞伎 鷺娘／日高川入相花王,2019,6,21,20190621
15501,ザ・ファブル,2019,6,22,20190622
15524,パピヨン,2019,6,22,20190622
15559,ＪＵＮＧ ＹＯＮＧ ＨＷＡ ： フィルムコンサート２０１５－２０１８ Ｆｅｅｌ ｔｈｅ Ｖｏｉｃｅ,2019,6,24,20190624
15560,劇場版 ファイナルファンタジーＸＩＶ 光のお父さん,2019,6,24,20190624
15609,きみと、波にのれたら,2019,6,26,20190626
15650,スパイダーマン ファー・フロム・ホーム,2019,6,28,20190628
15655,それいけ！アンパンマン きらめけ！アイスの国のバニラ姫,2019,6,28,20190628
15656,新聞記者,2019,6,28,20190628
15657,凪待ち,2019,6,28,20190628
15674,劇場版パタリロ！,2019,6,28,20190628
15683,今日も嫌がらせ弁当,2019,6,29,20190629
15724,フレームアームズ・ガール ～きゃっきゃうふふなワンダーランド～,2019,6,30,20190630
15827,Ｄｉｎｅｒ ダイナー,2019,7,5,20190705
15828,いつのまにか、ここにいる Ｄｏｃｕｍｅｎｔａｒｙ ｏｆ 乃木坂４６,2019,7,5,20190705
15845,いちごの唄,2019,7,5,20190705
15856,アイドリッシュセブン ２ｎｄ ＬＩＶＥ 「ＲＥＵＮＩＯＮ」 ライブビューイング,2019,7,6,20190706
15885,劇場版 Ｆｒｅｅ！－Ｒｏａｄ ｔｏ ｔｈｅ Ｗｏｒｌｄ－夢,2019,7,7,20190707
15892,ＢＡＢＹＭＥＴＡＬ ＡＲＩＳＥＳ －ＢＥＹＯＮＤ ＴＨＥ ＭＯＯＮ－ ＬＥＧＥＮＤ －Ｍ－ ＬＶ,2019,7,7,20190707
15939,天守物語 月イチ歌舞伎２０１９,2019,7,9,20190709
15940,「劇場版おっさんずラブ」公開記念！連続ドラマイッキ見上映会,2019,7,9,20190709
15947,２夜連続シアターライブ「ＵＶＥＲｗｏｒｌｄ ＱＵＥＥＮ’Ｓ ＰＡＲＴＹ ａｔ Ｎｉｐｐｏｎ Ｂｕｄｏｋａｎ １２．２１」女祭りライブ映像,2019,7,9,20190709
16000,トイ・ストーリー４,2019,7,12,20190712
16001,ミュウツーの逆襲 ＥＶＯＬＵＴＩＯＮ,2019,7,12,20190712
16014,さらば愛しきアウトロー,2019,7,12,20190712
16049,「蒼穹のファフナー」シリーズ １５周年記念イベント～ｉｎ 尾道～ ライブ・ビューイング,2019,7,13,20190713
16058,ミュージカル「刀剣乱舞」髭切膝丸 双騎出陣２０１９ライブビューイング,2019,7,14,20190714
16091,「Ｂ－ＰＲＯＪＥＣＴ 絶頂＊エモーション」スペシャルライブイベント「ＳＰＡＲＫＬＥ＊ＰＡＲＴＹ」ＤＶ,2019,7,15,20190715
16124,シンクオアスイム イチかバチか俺たちの夢,2019,7,16,20190716
16175,天気の子,2019,7,19,20190719
16180,東京喰種 トーキョーグール Ｓ,2019,7,19,20190719
16181,チャイルド・プレイ,2019,7,19,20190719
16196,工作 黒金星（ブラック・ヴィーナス）と呼ばれた男,2019,7,19,20190719
16199,マーウェン,2019,7,19,20190719
16274,ハッピー・デス・デイ ２Ｕ,2019,7,22,20190722
16353,アルキメデスの大戦,2019,7,26,20190726
16354,ペット２,2019,7,26,20190726
16371,よこがお,2019,7,26,20190726
16372,ブルース・ブラザース,2019,7,26,20190726
16373,ハッピー・デス・デイ,2019,7,26,20190726
16374,愛と青春の旅だち,2019,7,26,20190726
16377,劇場版 仮面ライダージオウ／騎士竜戦隊リュウソウジャー,2019,7,27,20190727
16388,「ゾンビランドサガＬＩＶＥ～フランシュシュみんなでおらぼう！～ｉｎ ＳＡＧＡ」ライブビューイング,2019,7,27,20190727
16469,（上映①）天気の子,2019,7,30,20190730
16526,ワイルド・スピード スーパーコンボ,2019,8,2,20190802
16547,「／ｂ＊鑑賞中水やお茶以外の飲食ほか音の鳴る物の使用をお控え下さい,2019,8,2,20190802
16548,守護教師,2019,8,2,20190802
16553,ドラゴンクエスト ユア・ストーリー,2019,8,3,20190803
16584,舞台「刀剣乱舞」慈伝 日日の葉よ散るらむ ライブビューイング,2019,8,4,20190804
16585,ＳＭＴＯＷＮ ＬＩＶＥ ２０１９ ＩＮ ＴＯＫＹＯ ライブ・ビューイング,2019,8,4,20190804
16598,世界の涯ての鼓動,2019,8,4,20190804
16619,ＴＨＥ ＯＲＡＬ ＣＩＧＡＲＥＴＴＥＳ ＵＮＯＦＦＩＣＩＡＬ ＤＩＮＩＮＧ ＴＯＵＲ 日本武道館公演 ＳＣＲＥＥＮ ＬＩＶＥ,2019,8,5,20190805
16636,ももいろクローバーＺ ももクロマニア２０１９ ロードトゥ２０２０ 史上最大のプレ開会式おかわりちゃん,2019,8,6,20190806
16671,ザ・マミー／呪われた砂漠の王女,2019,8,7,20190807
16672,Ｕ－ＦＥＳ． ＴＯＵＲ ２０１９ Ｍｕｓｉｃ ｉｎ 東京 ライブビューイング,2019,8,7,20190807
16683,ＢＲＩＮＧ ＴＨＥ ＳＯＵＬ： ＴＨＥ ＭＯＶＩＥ,2019,8,8,20190808
16700,ＯＮＥ ＰＩＥＣＥ ＳＴＡＭＰＥＤＥ,2019,8,9,20190809
16701,ライオン・キング,2019,8,9,20190809
16722,ニュー・シネマ・パラダイス,2019,8,9,20190809
16723,ピータールー マンチェスターの悲劇,2019,8,9,20190809
16724,シークレット・オブ・モンスター,2019,8,9,20190809
16747,ローマの休日,2019,8,10,20190810
16748,「ｂａｎａｎａｍａｎ ｌｉｖｅ ２０１９ Ｓ」ライブビューイング,2019,8,10,20190810
16871,お願い！真夏の声優まつり ライブ・ビューイング,2019,8,15,20190815
16890,イソップの思うツボ,2019,8,16,20190816
16893,命みじかし、恋せよ乙女,2019,8,16,20190816
16894,ＨＯＴ ＳＵＭＭＥＲ ＮＩＧＨＴＳ／ホットサマーナイツ,2019,8,16,20190816
16899,（）葬式の名人,2019,8,16,20190816
16920,チュートリアルライブツアー２０１９「奮発の黄昏」ライブ・ビューイング,2019,8,17,20190817
16941,アソビストア ｐｒｅｓｅｎｔｓ ＴＨＥ ＩＤＯＬＭ＠ＳＴＥＲ ＳＨＩＮＹ ＣＯＬＯＲＳ ＳＵＭＭＥＲ ＰＡＲＴＹ ２０１９,2019,8,18,20190818
16942,ＴＨＥ ＩＤＯＬＭ＠ＳＴＥＲ ＳｉｄｅＭ ４ｔｈ ＳＴＡＧＥ ライブビューイング,2019,8,18,20190818
16949,ＴＨＥ ＩＤＯＬＭ＠ＳＴＥＲ ＣＩＮＤＥＲＥＬＬＡ ＧＩＲＬＳ ５ｔｈＬＩＶＥ,2019,8,18,20190818
16956,宝塚歌劇 星組宝塚大劇場公演「ＧＯＤ ＯＦ ＳＴＡＲＳ 食聖 」「Ｅｃｌａｉｒ Ｂｒｉｌｌａｎｔ」,2019,8,19,20190819
17035,ダンスウィズミー,2019,8,22,20190822
17050,劇場版 おっさんずラブ ～ＬＯＶＥ ｏｒ ＤＥＡＤ～,2019,8,23,20190823
17055,ロケットマン,2019,8,23,20190823
17056,二ノ国,2019,8,23,20190823
17069,ＪＵＮＨＯ（Ｆｒｏｍ ２ＰＭ）ソロコンサート＜ＪＵＮＨＯ ＴＨＥ ＢＥＳＴ＞ＩＮ ＳＥＯＵＬ ＤＶ,2019,8,23,20190823
17096,グランドシネマ日本橋 １９月イチ歌舞伎,2019,8,24,20190824
17117,プロメア 前日譚「ガロ」編「リオ」編付き上映,2019,8,25,20190825
17198,ＥＢｉＤＡＮ ＴＨＥ ＬＩＶＥ ２０１８～Ｓｕｍｍｅｒ Ｐａｒｔｙ～ライブビューイング,2019,8,28,20190828
17225,引っ越し大名！,2019,8,30,20190830
17230,この素晴らしい世界に祝福を！紅伝説,2019,8,30,20190830
17249,ガーンジー島の読書会の秘密,2019,8,30,20190830
17270,トールキン 旅のはじまり,2019,8,31,20190831
17271,光り合う生命。－心に寄り添う。２－,2019,8,31,20190831
17274,二度めの夏、二度と会えない君,2019,8,31,20190831
17287,宝塚歌劇 雪組東京宝塚劇場公演「壬生義士伝」「Ｍｕｓｉｃ Ｒｅｖｏｌｕｔｉｏｎ！」千秋楽 ライブ中継,2019,9,1,20190901
17334,ＴＨＥ ＩＤＯＬＭ＠ＳＴＥＲ ＣＩＮＤＥＲＥＬＬＡ ＧＩＲＬＳ ７ｔｈ ＬＩＶＥ ライブビューイング,2019,9,3,20190903
17335,ＴＨＥ ＩＤＯＬＭ＠ＳＴＥＲ ＳＨＩＮＹ ＣＯＬＯＲＳ ＳＵＭＭＥＲ ＰＡＲＴＹ ２０１９,2019,9,3,20190903
17354,ワンス・アポン・ア・タイム・イン・ハリウッド,2019,9,4,20190904
17401,ヴァイオレット・エヴァーガーデン 外伝 永遠と自動手記人形,2019,9,6,20190906
17410,ビルド ＮＥＷ ＷＯＲＬＤ 仮面ライダーグリス,2019,9,6,20190906
17413,いなくなれ、群青,2019,9,6,20190906
17414,アス,2019,9,6,20190906
17417,ブレードランナー ファイナル・カット,2019,9,6,20190906
17422,フリーソロ,2019,9,6,20190906
17425,かぐや様は告らせたい～天才たちの恋愛頭脳戦～,2019,9,7,20190907
17430,ヒプノシスマイク－Ｄｉｖｉｓｉｏｎ Ｒａｐ Ｂａｔｔｌｅ－４ｔｈライブ＠オオサカ ライブビューイング,2019,9,7,20190907
17437,台風家族,2019,9,7,20190907
17446,ＳＨＡＤＯＷ 影武者,2019,9,7,20190907
17449,マトリックス,2019,9,7,20190907
17506,Ｂｚ ＬＩＶＥ－ＧＹＭ ２０１９,2019,9,10,20190910
17575,記憶にございません！,2019,9,13,20190913
17576,人間失格 太宰治と３人の女たち,2019,9,13,20190913
17581,僕のワンダフル・ジャーニー,2019,9,13,20190913
17596,アイネクライネナハトムジーク,2019,9,13,20190913
17597,プライベート・ウォー,2019,9,13,20190913
17598,舞台「機動戦士ガンダム００」ライブビューイング,2019,9,13,20190913
17641,ＥＸＩＬＥ ＳＨＯＫＩＣＨＩ ＬＩＶＥ ＴＯＵＲ ２０１９”ＵＮＤＥＲＤＯＧＧ”ライブビューイング,2019,9,15,20190915
17662,ＷＥ ＬＯＶＥ ＮＡＭＩＥ サンクス・ビューイング ～２０１８．６．３東京ドーム～ ＬＶ,2019,9,16,20190916
17665,ＢａｎＧ Ｄｒｅａｍ！ ＦＩＬＭ ＬＩＶＥ,2019,9,16,20190916
17766,ＴＶアニメ｢スタンドマイヒーローズ ＰＩＥＣＥ ＯＦ ＴＲＵＴＨ」トークショー付先行上映会 ライブビューイング,2019,9,20,20190920
17771,ＴＶアニメ「スタンドマイヒーローズ ＰＩＥＣＥ ＯＦ …,2019,9,20,20190920
17784,アナベル 死霊博物館,2019,9,21,20190921
17785,見えない目撃者,2019,9,21,20190921
17796,３人の信長,2019,9,21,20190921
17803,アド・アストラ,2019,9,22,20190922
17804,ＨＥＬＬＯ ＷＯＲＬＤ ハロー・ワールド,2019,9,22,20190922
17817,舞台「幽☆遊☆白書」 ライブビューイング,2019,9,22,20190922
17822,「ＡＤ－ＬＩＶＥ ＺＥＲＯ」ライブビューイング,2019,9,22,20190922
17823,（発声ＯＫ）「かぐや様は告らせたい ～天才たちの恋愛頭脳戦～」天下分け目の応援合戦,2019,9,22,20190922
17892,アンジュルム コンサートツアー ２０１９ 春 ファイナル 和田彩花卒業スペシャル 「輪廻転生」 ＬＶ,2019,9,25,20190925
17897,アンジュルム コンサートツアー ２０１９秋 勝田里奈 卒業スペシャル 「Ｎｅｘｔ Ｐａｇｅ」 ＬＶ,2019,9,25,20190925
17930,任侠学園,2019,9,27,20190927
17935,銀河英雄伝説 Ｄｉｅ Ｎｅｕｅ Ｔｈｅｓｅ 星乱 第一章,2019,9,27,20190927
17942,ヘルボーイ,2019,9,27,20190927
17967,惡の華,2019,9,28,20190928
17974,宮本から君へ,2019,9,28,20190928
17987,ホテル・ムンバイ,2019,9,29,20190929
17990,あんさんぶるスターズ！エクストラ・ステージ ～Ｄｅｓｔｒｕｃｔｉｏｎ×Ｒｏａｄ～ ＬＶ,2019,9,29,20190929
17991,ＭＡＮＫＡＩ ＳＴＡＧＥ「Ａ３！」～ＳＰＲＩＮＧ ２０１９～ライブビューイング,2019,9,29,20190929
17998,あんさんぶるスターズ！エクストラ・ステージ Ｍｅｍｏｒｙ ｏｆ Ｍａｒｉｏｎｅｔｔｅ ＬＶ,2019,9,29,20190929
18001,宝塚歌劇 花組宝塚大劇場公演「Ａ Ｆａｉｒｙ Ｔａｌｅ 青い薔薇の精」「シャルム！」千秋楽ライブ中継,2019,9,30,20190930
18048,幽玄 １９月イチ歌舞伎,2019,10,1,20191001
18049,ハミングバード・プロジェクト ０．００１秒の男たち,2019,10,1,20191001
18070,ＫＣＯＮ ２０１９ ＴＨＡＩＬＡＮＤ × Ｍ ＣＯＵＮＴＤＯＷＮ ディレイ・ビューイング,2019,10,2,20191002
18101,ＨｉＧＨ＆ＬＯＷ ＴＨＥ ＷＯＲＳＴ×ＴＨＥ ＲＡＭＰＡＧＥ,2019,10,4,20191004
18102,蜜蜂と遠雷,2019,10,4,20191004
18103,ジョン・ウィック：パラベラム,2019,10,4,20191004
18114,「ヒキタさん！ご懐妊ですよ」公開記念上映,2019,10,4,20191004
18121,リンキング・ラブ,2019,10,4,20191004
18150,ジョーカー,2019,10,6,20191006
18151,水曜どうでしょう祭 ＦＥＳＴＩＶＡＬ ｉｎ ＳＡＰＰＯＲＯ ２０１９ ライブ・ビューイング,2019,10,6,20191006
18240,メタリカ＆サンフランシスコ交響楽団：Ｓ＆Ｍ２,2019,10,9,20191009
18277,空の青さを知る人よ,2019,10,11,20191011
18278,イエスタデイ,2019,10,11,20191011
18285,クロール －凶暴領域－,2019,10,11,20191011
18310,真実,2019,10,12,20191012
18311,ＢＡＢＹＭＥＴＡＬ 「ＬＩＶＥ ＡＴ ＴＨＥ ＦＯＲＵＭ」 ＬＩＶＥ ＶＩＥＷＩＮＧ,2019,10,12,20191012
18318,「リトル・マーメイド」３０周年 記念上映,2019,10,12,20191012
18319,英雄は嘘がお好き,2019,10,12,20191012
18326,宝塚歌劇 星組東京宝塚劇場公演千秋楽「紅ゆずるラストデイ」ライブ中継,2019,10,13,20191013
18397,＜マジＬＯＶＥライブ上映＞劇場版 うたの☆プリンスさまっ♪マジＬＯＶＥキングダム,2019,10,15,20191015
18398,エンディングノート,2019,10,15,20191015
18401,最高の人生の見つけ方,2019,10,16,20191016
18418,カーリングシトーンズ デビューライブ！ｉｎシネマ ～カーリング・シトーンズと近所の石～,2019,10,16,20191016
18441,ガールズ＆パンツァー 最終章 ４Ｄ ～第１話＋第２話～,2019,10,17,20191017
18454,楽園,2019,10,18,20191018
18459,フッド ザ・ビギニング,2019,10,18,20191018
18476,映画スター☆トゥインクルプリキュア,2019,10,19,20191019
18477,マレフィセント２,2019,10,19,20191019
18478,世界から希望が消えたなら。,2019,10,19,20191019
18497,第６７回全日本吹奏楽コンクール全国大会 中学Ａ,2019,10,19,20191019
18544,スペシャルアクターズ,2019,10,21,20191021
18645,１０８ 海馬五郎の復讐と冒険,2019,10,25,20191025
18646,映画「夏の夜空と秋の夕日と冬の朝と春の風」～＝ＬＯＶＥメンバーと一緒に鑑賞しよう！上映会～,2019,10,25,20191025
18649,ジェミニマン（ＳｃｒｅｅｎＸ・字幕版）,2019,10,25,20191025
18664,銀河英雄伝説 Ｄｉｅ Ｎｅｕｅ Ｔｈｅｓｅ 星乱 第二章,2019,10,26,20191026
18673,ロイヤル・コンセルトヘボウ オーケストラがやって来る,2019,10,26,20191026
18674,キミだけにモテたいんだ。,2019,10,26,20191026
18681,ミュージカル「刀剣乱舞」～葵咲本紀～ ライブビューイング,2019,10,27,20191027
18682,冴えない彼女の育てかた Ｆｉｎｅ,2019,10,27,20191027
18719,Ｔ－３４ レジェンド・オブ・ウォー,2019,10,28,20191028
18798,「ロイヤル・オペラ・ハウス２０１７／１８」バレエ「不思議の国のアリス」,2019,10,31,20191031
18801,マチネの終わりに,2019,11,1,20191101
18804,ブラック校則,2019,11,1,20191101
18807,ジェミニマン,2019,11,1,20191101
18820,最初の晩餐,2019,11,1,20191101
18825,ＩＴ イット ＴＨＥ ＥＮＤ ’それ”が見えたら、終わり。,2019,11,2,20191102
18856,閉鎖病棟 それぞれの朝,2019,11,3,20191103
18973,超時空要塞マクロス 愛おぼえていますか 爆音映画祭,2019,11,7,20191107
18976,Ｒｅ：ゼロから始める異世界生活 氷結の絆,2019,11,8,20191108
18977,ひとよ,2019,11,8,20191108
18984,蒼穹のファフナー ＴＨＥ ＢＥＹＯＮＤ 第四話・第五話・第六話,2019,11,8,20191108
18985,永遠の門 ゴッホの見た未来,2019,11,8,20191108
18992,その瞬間、僕は泣きたくなった ＣＩＮＥＭＡ ＦＩＧＨＴＥＲＳ ｐｒｏｊｅｃｔ,2019,11,8,20191108
18993,（４ＤＸ）ルパン三世 カリオストロの城,2019,11,8,20191108
19000,ターミネーター ニュー・フェイト,2019,11,9,20191109
19027,映画 すみっコぐらし とびだす絵本とひみつのコ,2019,11,10,20191110
19060,宝塚歌劇 月組宝塚大劇場公演「Ｉ ＡＭ ＦＲＯＭ ＡＵＳＴＲＩＡ－故郷は甘き調べ－」千秋楽ライブ中継,2019,11,11,20191111
19157,ブライトバーン／恐怖の拡散者,2019,11,15,20191115
19160,オーバー・エベレスト 陰謀の氷壁,2019,11,15,20191115
19163,影踏み,2019,11,15,20191115
19164,地獄少女,2019,11,15,20191115
19181,エンド・オブ・ステイツ,2019,11,16,20191116
19182,あんさんぶるスターズ！ＤＲＥＡＭ ＬＩＶＥ －４ｔｈ Ｔｏｕｒ Ｐｒｉｓｍ Ｓｔａｒ！,2019,11,16,20191116
19221,殺さない彼と死なない彼女,2019,11,17,20191117
19242,ＴＲＵＭＰ ｓｅｒｉｅｓ １０ｔｈ ＡＮＮＩＶＥＲＳＡＲＹ ＦＩＮＡＬ 「繭期大夜会」 ＬＶ,2019,11,18,20191118
19263,ＭＥＴライブビューイング１９－２０ トゥーランドット,2019,11,19,20191119
19326,決算！忠臣蔵,2019,11,22,20191122
19331,ゾンビランド：ダブルタップ,2019,11,22,20191122
19350,アナと雪の女王２,2019,11,23,20191123
19379,宝塚歌劇 花組東京宝塚劇場公演千秋楽「明日海りおラストデイ」ライブ中継,2019,11,24,20191124
19416,フラグタイム,2019,11,25,20191125
19473,ライフ・イットセルフ 未来に続く物語,2019,11,27,20191127
19490,千鳥の大漫才２０１８ ライブ・ビューイング,2019,11,28,20191128
19507,銀河英雄伝説 Ｄｉｅ Ｎｅｕｅ Ｔｈｅｓｅ 星乱 第三章,2019,11,29,20191129
19510,ＨＵＭＡＮ ＬＯＳＴ 人間失格,2019,11,29,20191129
19511,ガンダム Ｇのレコンギスタ 特別先行版,2019,11,29,20191129
19518,羊とオオカミの恋と殺人,2019,11,29,20191129
19521,劇場版「Ｇのレコンギスタ？」「行け！コア・ファイター」,2019,11,29,20191129
19554,ドクター・スリープ,2019,12,1,20191201
19557,シティーハンター ＴＨＥ ＭＯＶＩＥ 史上最香のミッション,2019,12,1,20191201
19560,Ｒｏｓｅｌｉａ×ＲＡＩＳＥ Ａ ＳＵＩＬＥＮ Ｒａｕｓｃｈ ｕｎｄ／ａｎｄ Ｃｒａｚｉｎｅｓｓ,2019,12,1,20191201
19571,ＴＨＥ ＩＮＦＯＲＭＥＲ／三秒間の死角,2019,12,1,20191201
19592,マノン ＭＥＴ２０１９－２０シーズン,2019,12,2,20191202
19623,古舘伊知郎トークライブ「戯言」ライブ・ビューイング,2019,12,3,20191203
19628,Ｍ－１ グランプリ ２０１９ 準決勝,2019,12,4,20191204
19677,午前０時、キスしに来てよ,2019,12,6,20191206
19682,２０ｔｈ Ａｎｎｉｖｅｒｓａｒｙ ゴスペラーズコンサート２０１８ ｉｎ Ｎａｅｂａ ライブ・ビューイング,2019,12,6,20191206
19685,ラスト・クリスマス,2019,12,6,20191206
19690,シネマ歌舞伎 人情噺 文七元結,2019,12,6,20191206
19697,’隠れビッチ”やってました。,2019,12,6,20191206
19716,東京０３単独公演「人間味風」ライブビューイング,2019,12,7,20191207
19733,Ｓ．Ｑ．Ｐ Ｖｅｒ．ＳｏｌｉｄＳ ライブ・ビューイング,2019,12,8,20191208
19736,おそ松さん ｏｎ ＳＴＡＧＥ ～ＳＩＸ ＭＥＮＳ ＳＨＯＷ ＴＩＭＥ ３～」ライブビューイング,2019,12,8,20191208
19739,Ｓｕｐｅｒｆｌｙ Ａｒｅｎａ Ｔｏｕｒ ２０１９ ’０” ＬＩＶＥ ＶＩＥＷＩＮＧ,2019,12,8,20191208
19766,ポルカドットスティングレイ 先行上映会,2019,12,9,20191209
19789,アンジュルム ２０１９夏秋「Ｎｅｘｔ Ｐａｇｅ」 ～中西香菜卒業スペシャル～ ライブビューイング,2019,12,10,20191210
19790,えほんのひろば劇場,2019,12,10,20191210
19793,少女☆歌劇 レヴュースタァライト －Ｔｈｅ ＬＩＶＥ－ ♯２ ｒｅｖｉｖａｌ ディレイ・ビューイング,2019,12,10,20191210
19802,ルパン三世 ＴＨＥ ＦＩＲＳＴ,2019,12,11,20191211
19851,屍人荘の殺人,2019,12,13,20191213
19852,ジュマンジ／ネクスト・レベル,2019,12,13,20191213
19859,映画 ひつじのショーン ＵＦＯフィーバー！,2019,12,13,20191213
19870,サウンド・オブ・ミュージック,2019,12,13,20191213
19881,アイドリッシュセブン ファン感謝祭ｖｏｌ．５～Ｗｅｌｃｏｍｅ！愛なＮｉｇｈｔ！～ライブビューイング,2019,12,14,20191214
19884,宝塚歌劇 星組東京建物 Ｂｒｉｌｌｉａ ＨＡＬＬ公演「ロックオペラ モーツァルト」ライブ中継,2019,12,14,20191214
19887,ぼくらの７日間戦争,2019,12,14,20191214
19896,ラブライブ！虹ヶ咲学園スクールアイドル同好会 Ｆｉｒｓｔ Ｌｉｖｅ,2019,12,14,20191214
19907,カツベン！,2019,12,15,20191215
19910,ＧＥＮＥＲＡＴＩＯＮＳ ＬＩＶＥ ＴＯＵＲ ２０１９ ”少年クロニクル”ＬＩＶＥ ＶＩＥＷＩＮＧ,2019,12,15,20191215
19915,ハイパープロジェクション演劇「ハイキュー！！」’飛翔”ライブビューイング,2019,12,15,20191215
19934,映画 妖怪学園Ｙ 猫はＨＥＲＯになれるか,2019,12,16,20191216
19947,ウエスト・サイド物語,2019,12,16,20191216
19974,（カ新）ムッシュ・アンリと私の秘密,2019,12,17,20191217
20001,＜ＴＨＥＡＴＥＲ ＬＩＶＥ＞錦戸亮 ＬＩＶＥ ＴＯＵＲ ２０１９ ’ＮＯＭＡＤ”,2019,12,19,20191219
20008,錦戸亮 ＬＩＶＥ ＴＯＵＲ ２０１９”ＮＯＭＡＤ” ライブビューイング,2019,12,19,20191219
20025,スター・ウォーズ スカイウォーカーの夜明け,2019,12,20,20191220
20026,僕のヒーローアカデミア ＴＨＥ ＭＯＶＩＥ ヒーローズ：ライジング,2019,12,20,20191220
20031,ヒックとドラゴン 聖地への冒険,2019,12,20,20191220
20038,テッド・バンディ,2019,12,20,20191220
20039,ＦＯＲ ＲＥＡＬ ２０１９ －戻らない瞬間、残されるもの。－,2019,12,20,20191220
20048,ＴＨＥ ＵＰＳＩＤＥ 最強のふたり,2019,12,20,20191220
20103,仮面ライダー 令和 ザ・ファースト・ジェネレーション,2019,12,23,20191223
20118,この世界の（さらにいくつもの）片隅に,2019,12,23,20191223
20137,ももいろクローバーＺ「ももいろクリスマス２０１９」ライブビューイング,2019,12,24,20191224
20190,（発声ＯＫ）ＨｉＧＨ＆ＬＯＷ ＴＨＥ ＷＯＲＳＴ×ＴＨＥ ＲＡＭＰＡＧＥ 応援上映×ＬＩＶＥ,2019,12,26,20191226
20193,シソンヌライブ（モノクロ）２０１９ 東京凱旋公演 ライブ・ビューイング,2019,12,26,20191226
20202,男はつらいよ お帰り 寅さん,2019,12,27,20191227
20217,「パラサイト 半地下の家族」特別先行公開,2019,12,27,20191227
20220,ショーシャンクの空に,2019,12,27,20191227
20237,宝塚歌劇 月組東京宝塚劇場公演 Ｉ ＡＭ ＦＲＯＭ ＡＵＳＴＲＩＡ故郷は甘き調べ 千秋楽ライブ中継,2019,12,28,20191228
20248,宝塚歌劇 月組東京宝塚劇場公演「夢現無双」「クルンテープ」 ライブ中継,2019,12,28,20191228
20257,劇場版 新幹線変形ロボ シンカリオン 未来からきた神速のＡＬＦＡ－Ｘ,2019,12,29,20191229
20268,氷艶 ｈｙｏｅｎ２０１９ 月光かりの如く ディレイ・ビューイング,2019,12,29,20191229
20295,氷艶 ｈｙｏｅｎ２０１９ 月光かりの如く トークショー＆先行上映会,2019,12,30,20191230
20322,Ｈｅｌｌｏ！Ｐｒｏｊｅｃｔ ＣＯＵＮＴＤＯＷＮ ＰＡＲＴＹ ２０１９ ライブビューイング,2019,12,31,20191231
20391,ロング・ショット 僕と彼女のありえない恋,2020,1,3,20200103
20394,シネマ歌舞伎 廓文章 吉田屋,2020,1,3,20200103
20413,尾崎豊を探して,2020,1,4,20200104
20550,カイジ ファイナルゲーム,2020,1,10,20200110
20555,パラサイト 半地下の家族,2020,1,10,20200110
20556,ダウントン・アビー,2020,1,10,20200110
20565,ティーンスピリット,2020,1,10,20200110
20574,明日、キミのいない世界で,2020,1,10,20200110
20591,ＫＩＮＧ ＯＦ ＰＲＩＳＭ ＡＬＬ ＳＴＡＲＳ プリズムショー☆ベストテン Ｏｖｅｒ Ｔｈｅ Ｒａｉ,2020,1,11,20200111
20592,シライサン,2020,1,11,20200111
20593,ＴＨＥ ＩＤＯＬＭ＠ＳＴＥＲ ＣＩＮＤＥＲＥＬＬＡ ＧＩＲＬＳ ７ｔｈ ライブ アンコール上映会ＬＶ,2020,1,11,20200111
20598,ＴＨＥ ＯＲＡＬ ＣＩＧＡＲＥＴＴＥＳ「ＰＡＲＡＳＩＴＥ ＤＥＪＡＶＵ ＴＨＥ ＭＯＶＩＥ」,2020,1,11,20200111
20603,フォードｖｓフェラーリ,2020,1,12,20200112
20674,マザーレスブルックリン,2020,1,14,20200114
20725,ラストレター,2020,1,17,20200117
20730,リチャード・ジュエル,2020,1,17,20200117
20735,ジョジョ・ラビット,2020,1,17,20200117
20738,ｍｅｌｌｏｗ 公開記念 今泉力哉監督特集上映,2020,1,17,20200117
20739,サマーウォーズ,2020,1,17,20200117
20740,太陽の家,2020,1,17,20200117
20741,ペット・セメタリー,2020,1,17,20200117
20760,劇場版 メイドインアビス 深き魂の黎明,2020,1,18,20200118
20761,「ラブライブ！フェス」ライブビューイング,2020,1,18,20200118
20766,ＡＤ－ＬＩＶＥ ＺＥＲＯ 特別公演 ライブ・ビューイング,2020,1,18,20200118
20787,宝塚歌劇 花組東京国際フォーラム公演「ＤＡＮＣＥ ＯＬＹＭＰＩＡ」ライブ中継,2020,1,19,20200119
20824,帰郷,2020,1,20,20200120
20829,記憶屋 あなたを忘れない,2020,1,21,20200121
20888,ＲＡＤＷＩＭＰＳ／ＡＮＴＩ ＡＮＴＩ ＧＥＮＥＲＡＴＩＯＮ ＴＯＵＲ,2020,1,23,20200123
20915,ロマンスドール,2020,1,24,20200124
20916,ＲＡＤＷＩＭＰＳ／ＡＮＴＩ ＡＮＴＩ ＧＥＮＥＲＡＴＩＯＮ ＴＯＵＲ ２０１９,2020,1,24,20200124
20919,風の電話,2020,1,24,20200124
20920,劇場版 ハイスクール・フリート,2020,1,24,20200124
20921,ｈｉｓ,2020,1,24,20200124
20922,テリー・ギリアムのドン・キホーテ,2020,1,24,20200124
20925,キャッツ,2020,1,25,20200125
20938,サヨナラまでの３０分,2020,1,25,20200125
21075,ＡＩ崩壊,2020,1,31,20200131
21078,バッドボーイズ フォー・ライフ,2020,1,31,20200131
21079,嘘八百 京町ロワイヤル,2020,1,31,20200131
21110,ゴブリンスレイヤー ＧＯＢＬＩＮＳ ＣＲＯＷＮ,2020,2,1,20200201
21111,前田建設 ファンタジー営業部,2020,2,1,20200201
21124,あんさんぶるスターズ！エクストラ・ステージ～Ｎｉｇｈｔ ｏｆ Ｂｌｏｓｓｏｍｉｎｇ Ｓｔａｒｓ～ＬＶ,2020,2,1,20200201
21151,宝塚歌劇 雪組宝塚大劇場公演「ＯＮＣＥ ＵＰＯＮ Ａ ＴＩＭＥ ＩＮ ＡＭＥＲＩＣＡ」千秋楽 ＬＶ,2020,2,3,20200203
21168,シグナル１００,2020,2,3,20200203
21181,ナイブズ・アウト 名探偵と刃の館の秘密,2020,2,3,20200203
21250,ヲタクに恋は難しい,2020,2,7,20200207
21251,犬鳴村,2020,2,7,20200207
21260,侍の名のもとに 野球日本代表 侍ジャパンの８００日,2020,2,7,20200207
21267,グッドライアー 偽りのゲーム,2020,2,7,20200207
21272,歌舞伎ＮＥＸＴ 阿弖流為〈アテルイ〉,2020,2,7,20200207
21301,劇場版 騎士竜戦隊リュウソウジャーＶＳルパンレンジャーＶＳパトレンジャー,2020,2,9,20200209
21414,貴族降臨 完成披露試写会,2020,2,13,20200213
21419,ハスラーズ,2020,2,13,20200213
21426,１９１７ 命をかけた伝令,2020,2,14,20200214
21433,ＭＡＮ ＷＩＴＨ Ａ ＭＩＳＳＩＯＮ ＴＨＥ ＭＯＶＩＥ ＴＲＡＣＥ ｔｈｅ ＨＩＳＴＯＲＹ,2020,2,14,20200214
21448,ＴＶアニメ「ＡＣＣＡ１３区監察課」全１２話オールナイト上映会＆トークショー,2020,2,14,20200214
21455,グッドバイ 嘘からはじまる人生喜劇,2020,2,15,20200215
21460,影裏,2020,2,15,20200215
21485,ミュージカル「テニスの王子様」３ｒｄシーズン 青学ｖｓ立海 後編 大千秋楽ライブビューイング,2020,2,16,20200216
21490,新作歌舞伎「風の谷のナウシカ：前編」,2020,2,16,20200216
21521,囀る鳥は羽ばたかない Ｔｈｅ ｃｌｏｕｄｓ ｇａｔｈｅｒ,2020,2,17,20200217
21602,デジモンアドベンチャー ＬＡＳＴ ＥＶＯＬＵＴＩＯＮ 絆,2020,2,21,20200221
21609,世界一初恋 プロポーズ編,2020,2,21,20200221
21622,恐竜超伝説 劇場版 ダーウィンが来た！,2020,2,21,20200221
21631,スキャンダル,2020,2,22,20200222
21632,チャーリーズ・エンジェル,2020,2,22,20200222
21633,ミッドサマー,2020,2,22,20200222
21640,ねこねこ日本史 龍馬のはちゃめちゃタイムトラベルぜよ！,2020,2,22,20200222
21651,スマホを落としただけなのに 囚われの殺人鬼,2020,2,23,20200223
21670,ＣＹａＲｏｎ！Ｆｉｒｓｔ ＬＯＶＥＬＩＶＥ！ ～ Ｂｒａｖｅｈｅａｒｔ Ｃｏａｓｔｅｒ ～ ＬＶ,2020,2,23,20200223
21671,劇場版「ＧのレコンギスタＩＩ」「ベルリ 撃進」,2020,2,23,20200223
21694,Ｒｅｄ,2020,2,24,20200224
21777,野性の呼び声,2020,2,28,20200228
21784,スケアリーストーリーズ 怖い本,2020,2,28,20200228
21785,初恋,2020,2,28,20200228
21790,架空ＯＬ日記,2020,2,28,20200228
21793,地獄の黙示録 ファイナル・カット（ＩＭＡＸ版）,2020,2,28,20200228
21798,エスケープ・ルーム,2020,2,28,20200228
21807,Ｖシネクスト「仮面ライダージオウ ＮＥＸＴ ＴＩＭＥ ゲイツ、マジェスティ」,2020,2,29,20200229
21816,黒い司法 ０％からの奇跡,2020,2,29,20200229
21827,ＳＨＩＲＯＢＡＫＯ,2020,3,1,20200301
21868,（後編）新作歌舞伎「風の谷のナウシカ」ディレイビューイング,2020,3,2,20200302
21975,Ｆｕｋｕｓｈｉｍａ ５０,2020,3,7,20200307
21976,仮面病棟,2020,3,7,20200307
21991,バック・トゥ・ザ・フューチャー,2020,3,7,20200307
21998,劇場版 おいしい給食 Ｆｉｎａｌ Ｂａｔｔｌｅ,2020,3,7,20200307
22007,ジュディ 虹の彼方に,2020,3,8,20200308
22072,羅小黒戦記,2020,3,10,20200310
22127,貴族降臨 －ＰＲＩＮＣＥ ＯＦ ＬＥＧＥＮＤ－,2020,3,13,20200313
22142,ミッドサマー ディレクターズカット版,2020,3,13,20200313
22147,バック・トゥ・ザ・フューチャーＰＡＲＴ２,2020,3,13,20200313
22164,ジョン・Ｆ・ドノヴァンの死と生,2020,3,14,20200314
22265,「新聞記者」アンコール上映,2020,3,18,20200318
22286,劇団☆新感線「偽義経冥界歌」ライブビューイング,2020,3,19,20200319
22301,一度死んでみた,2020,3,20,20200320
22302,弥生、三月 君を愛した３０年,2020,3,20,20200320
22307,三島由紀夫ＶＳ東大全共闘 ５０年目の真実,2020,3,20,20200320
22314,バック・トゥ・ザ・フューチャーＰＡＲＴ３,2020,3,20,20200320
22325,ハーレイ・クインの華麗なる覚醒 Ｂｉｒｄｓ ｏｆ Ｐｒｅｙ,2020,3,21,20200321
22486,１５ｔｈ Ａｎｎｉｖｅｒｓａｒｙ ＳＵＰＥＲ ＨＡＮＤＳＯＭＥ ＬＩＶＥ プレミアムエディションＤＶ,2020,3,26,20200326
22505,ＰＳＹＣＨＯ－ＰＡＳＳ サイコパス３ ＦＩＲＳＴ ＩＮＳＰＥＣＴＯＲ,2020,3,28,20200328
22522,放課後ソーダ日和 特別版,2020,3,28,20200328
22533,サーホー,2020,3,29,20200329
22542,ワイルド・スピード ＥＵＲＯ ＭＩＳＳＩＯＮ,2020,3,29,20200329
22567,こぶしファクトリーライブ２０２０～Ｔｈｅ Ｆｉｎａｌ Ｒｉｎｇ！～ ライブビューイング,2020,3,30,20200330
22598,パワーレンジャー,2020,3,31,20200331
22599,音楽,2020,3,31,20200331
22662,ＡＫＩＲＡ アキラ,2020,4,3,20200403
22667,囚われた国家 （字幕版）,2020,4,3,20200403
22686,星屑の町,2020,4,4,20200404
22691,ケアニン こころに咲く花,2020,4,4,20200404
22724,スウィング・キッズ,2020,4,5,20200405
22745,暗数殺人,2020,4,6,20200406
22796,ワイルド・スピード ＳＫＹ ＭＩＳＳＩＯＮ,2020,4,8,20200408
22899,（リクエスト上映会）箱入娘面屋人魚,2020,4,12,20200412
22914,酔うと化け物になる父がつらい,2020,4,13,20200413
22915,ＣＯＭＰＬＥＴＥ ＭＩＳＳＩＯＮ,2020,4,13,20200413
22916,ラスト・ムービースター,2020,4,13,20200413
22917,２１世紀の女の子,2020,4,13,20200413
22918,デニス・ホッパー／狂気の旅路,2020,4,13,20200413
22931,ビッグ・リトル・ファーム 理想の暮らしのつくり方,2020,4,14,20200414
22944,子どもたちをよろしく,2020,4,14,20200414
22945,無敵のドラゴン,2020,4,14,20200414
22988,新喜劇王,2020,4,16,20200416
22999,もみの家,2020,4,16,20200416
23032,シン・ゴジラ,2020,5,16,20200516
23045,ロング・ウェイ・ノース 地球のてっぺん,2020,5,16,20200516
23050,心霊喫茶「エクストラ」の秘密,2020,5,17,20200517
23073,＜月イチ歌舞伎２０２０＞京鹿子娘二人道成寺,2020,5,17,20200517
23078,ぼくは明日、昨日のきみとデートする,2020,5,18,20200518
23089,マッドマックス 怒りのデス・ロード「ブラック＆クローム」,2020,5,18,20200518
23094,コマンドー ＜４Ｋニューマスター＞,2020,5,18,20200518
23095,オール・ユー・ニード・イズ・キル,2020,5,18,20200518
23122,名もなき生涯,2020,5,19,20200519
23139,君の名は。,2020,5,20,20200520
23148,ナイチンゲール,2020,5,20,20200520
23189,映画 少年たち（実演映像付き）Ｂパターン（本編 実演映像）,2020,5,22,20200522
23224,９人の翻訳家 囚われたベストセラー,2020,5,23,20200523
23247,ハッピーアイランド,2020,5,24,20200524
23294,マッドマックス 怒りのデス・ロード,2020,5,26,20200526
23351,ブラッドショット （字幕版）,2020,5,29,20200529
23358,Ｅ．Ｔ．,2020,5,29,20200529
23361,怒り,2020,5,29,20200529
23362,ＣＵＲＥＤ キュアード （字幕版）,2020,5,29,20200529
23365,４ＤＸｗｉｔｈＳｃｒｅｅｎＸＩＴ イット ＴＨＥ ＥＮＤ ’それ”が見えたら、終わり。,2020,5,29,20200529
23368,恐怖回避ばーじょん）犬鳴村,2020,5,29,20200529
23391,キセキ－あの日のソビト－,2020,5,30,20200530
23398,鉄道員（ぽっぽや）,2020,5,30,20200530
23447,ひまわり ＜５０周年ＨＤレストア版＞,2020,6,1,20200601
23470,２１世紀の資本,2020,6,2,20200602
23525,デッド・ドント・ダイ,2020,6,5,20200605
23534,ルース・エドガー,2020,6,5,20200605
23545,（モノクロ版）パラサイト 半地下の家族 ＜モノクロＶｅｒ．＞,2020,6,5,20200605
23552,ＡＮＮＡ アナ,2020,6,6,20200606
23559,シビル・ウォー キャプテン・アメリカ,2020,6,6,20200606
23574,中国語音声・羅小黒戦記,2020,6,6,20200606
23581,アベンジャーズ エイジ・オブ・ウルトロン,2020,6,7,20200607
23588,ハリエット,2020,6,7,20200607
23619,パラサイト 半地下の家族（白黒版・字幕版）,2020,6,8,20200608
23622,ポップスター,2020,6,8,20200608
23623,ＵＬＴＩＲＡ 劇場版「機動戦士ガンダム」,2020,6,8,20200608
23644,不明,2020,6,9,20200609
23701,死神遣いの事件帖－傀儡夜曲－,2020,6,12,20200612
23706,ワールドエンド （字幕版）,2020,6,12,20200612
23707,ホーンテッド 世界一怖いお化け屋敷,2020,6,12,20200612
23710,グッド・ボーイズ,2020,6,12,20200612
23715,ライブリポート （字幕版）,2020,6,12,20200612
23718,１５年後のラブソング （字幕版）,2020,6,12,20200612
23725,ストーリー・オブ・マイライフ わたしの若草物語,2020,6,12,20200612
23820,ボリショイ・バレエｉｎシネマ Ｓｅａｓｏｎ２０１９－２０「ライモンダ」,2020,6,17,20200617
23821,ボリショイ・バレエｉｎシネマ Ｓｅａｓｏｎ２０１９－２０「白鳥の湖」,2020,6,17,20200617
23850,ドクター・ドリトル,2020,6,19,20200619
23851,水曜日が消えた,2020,6,19,20200619
23862,ガーディアンズ・オブ・ギャラクシー,2020,6,19,20200619
23863,ペイン・アンド・グローリー,2020,6,19,20200619
23864,アイアンマン３,2020,6,19,20200619
23873,＜月イチ歌舞伎２０２０＞喜撰／棒しばり,2020,6,19,20200619
23878,エジソンズ・ゲーム,2020,6,20,20200620
24025,ランボー ラスト・ブラッド,2020,6,26,20200626
24026,千と千尋の神隠し,2020,6,26,20200626
24027,風の谷のナウシカ,2020,6,26,20200626
24028,もののけ姫,2020,6,26,20200626
24033,ゲド戦記,2020,6,26,20200626
24040,ワイルドローズ,2020,6,26,20200626
24045,こどもしょくどう,2020,6,26,20200626
24074,悪の偶像,2020,6,27,20200627
24089,ＺＡＲＤ ３０ｔｈ Ａｎｎｉｖｅｒｓａｒｙ ＬＩＶＥ ２００４「Ｗｈａｔ ａ ｂｅａｕｔｉｆｕｌ ｍｏｍｅｎｔ Ｔｏｕｒ」Ｆｕｌｌ ＨＤ Ｅｄｉｔｉｏｎ,2020,6,28,20200628
24096,ＺＡＲＤ ＬＩＶＥ ２００４「Ｗｈａｔ ａ ｂｅａｕｔｉｆｕｌ ｍｏｍｅｎｔ Ｔｏｕｒ」Ｆｕｌｌ Ｈ,2020,6,28,20200628
24131,ソニック・ザ・ムービー,2020,6,30,20200630
24204,ＭＯＴＨＥＲ マザー,2020,7,3,20200703
24205,水曜日が消えた 公開記念付き上映,2020,7,3,20200703
24212,一度も撃ってません,2020,7,3,20200703
24213,カセットテープ・ダイアリーズ,2020,7,3,20200703
24214,のぼる小寺さん,2020,7,3,20200703
24215,美女と野獣,2020,7,3,20200703
24216,アンチグラビティ （字幕版）,2020,7,3,20200703
24221,イップ・マン外伝 マスターＺ,2020,7,3,20200703
24222,チアアップ！,2020,7,3,20200703
24223,シンデレラ,2020,7,3,20200703
24234,レイニーデイインニューヨーク,2020,7,4,20200704
24245,パイレーツ・オブ・カリビアン 最後の海賊,2020,7,4,20200704
24248,癒しのこころみ 自分を好きになる方法,2020,7,4,20200704
24379,私がモテてどうすんだ,2020,7,10,20200710
24384,ダークナイト,2020,7,10,20200710
24393,ホット・ファズ 俺たちスーパーポリスメン！,2020,7,10,20200710
24404,透明人間,2020,7,11,20200711
24419,ＴＨＥ ＯＲＡＬ ＣＩＧＡＲＥＴＴＥＳ ＵＮＯＦＦＩＣＩＡＬ ＤＩＮＩＮＧ ＴＯＵＲ ２０１７,2020,7,11,20200711
24424,＜月イチ歌舞伎２０２０＞東海道中膝栗毛,2020,7,11,20200711
24443,ＨＹＤＥ ＬＩＶＥ ２０１９ ＡＮＴＩ ＦＩＮＡＬ,2020,7,12,20200712
24458,ＷＡＶＥＳ ウェイブス,2020,7,13,20200713
24499,バルーン 奇蹟の脱出飛行,2020,7,14,20200714
24542,ワイルドツアー,2020,7,16,20200716
24563,悪人伝,2020,7,17,20200717
24564,八王子ゾンビーズ,2020,7,17,20200717
24569,ブリット＝マリーの幸せなひとりだち,2020,7,17,20200717
24570,ライド・ライク・ア・ガール （字幕版）,2020,7,17,20200717
24575,今日から俺は！！劇場版,2020,7,18,20200718
24582,ステップ,2020,7,18,20200718
24585,機動警察パトレイバー ＴＨＥ ＭＯＶＩＥ,2020,7,18,20200718
24586,進撃の巨人 クロニクル,2020,7,18,20200718
24707,海底４７メートル 古代マヤの死の迷宮,2020,7,23,20200723
24714,Ａｍｕｓｅ プレゼンツ ＳＵＰＥＲ ハンサム ＬＩＶＥ ２０１２ ＳＵＰＥＲ ＰＲＥＭＩＵＭ ＶＥＲ,2020,7,23,20200723
24727,劇場版 ひみつ×戦士 ファントミラージュ！～映画になってちょーだいします～,2020,7,24,20200724
24776,コンフィデンスマンＪＰ プリンセス編,2020,7,26,20200726
24815,ブラック アンド ブルー,2020,7,27,20200727
24820,プラド美術館 驚異のコレクション,2020,7,27,20200727
24919,アルプススタンドのはしの方 先行上映,2020,7,31,20200731
24922,君が世界のはじまり,2020,7,31,20200731
24923,カラーアウトオブスペース－遭遇－,2020,7,31,20200731
24924,♯ハンド全力,2020,7,31,20200731
24933,人体のサバイバル！／がんばれいわ！！ロボコン,2020,8,1,20200801
24938,海辺の映画館 キネマの玉手箱,2020,8,1,20200801
25049,パブリック 図書館の奇跡,2020,8,5,20200805
25070,フェス２０２０－Ａｃｔ Ｃａｌｌ－’ＦＩＬＭ ＦＥＳ”坂本龍一ＰＥＲＦＯＲＭＡＮＣＥ ＩＮ ＮＥＷ ＹＯＲＫ：ａｓｙｎｃ,2020,8,6,20200806
25075,映画ドラえもん ２０２０ のび太の新恐竜,2020,8,7,20200807
25078,ぐらんぶる,2020,8,7,20200807
25079,劇場版ウルトラマンタイガ ニュージェネクライマックス,2020,8,7,20200807
25080,日向坂４６ドキュメンタリー映画 ３年目のデビュー,2020,8,7,20200807
25081,ＥＹＥＳ ＯＮ ＭＥ：Ｔｈｅ Ｍｏｖｉｅ,2020,8,7,20200807
25084,少女☆歌劇 レヴュー・スタァライト ロンド・ロンド・ロンド 再生産総集編,2020,8,7,20200807
25089,ジョーンの秘密,2020,8,7,20200807
25090,ディックロングはなぜ死んだのか？,2020,8,7,20200807
25199,宝塚歌劇 宙組「ＦＬＹＩＮＧ ＳＡＰＡ－フライング サパ－」千秋楽ライブ中継,2020,8,11,20200811
25210,糸 ＜特別先行上映＞,2020,8,12,20200812
25253,思い、思われ、ふり、ふられ,2020,8,14,20200814
25256,映画おしりたんてい・他（東映まんがまつり）,2020,8,14,20200814
25259,インセプション,2020,8,14,20200814
25268,ファヒム パリが見た奇跡,2020,8,14,20200814
25275,Ｆａｔｅ／ｓｔａｙ ｎｉｇｈｔ Ｈｅａｖｅｎｓ Ｆｅｅｌ 第三章,2020,8,15,20200815
25278,弱虫ペダル（実写版）,2020,8,15,20200815
25291,ジェクシー！スマホを変えただけなのに,2020,8,15,20200815
25296,ディヴァイン・フューリー 使者,2020,8,15,20200815
25297,東映ムビ×ステ 舞台「死神遣いの事件帖－鎮魂侠曲－」ライブビューイング,2020,8,15,20200815
25450,糸,2020,8,22,20200822
25453,２分の１の魔法,2020,8,22,20200822
25458,映画 ギヴン,2020,8,22,20200822
25461,ＭＡＮＫＡＩ ＳＴＡＧＥ「Ａ３！」～ＷＩＮＴＥＲ ２０２０～ライブビューイング,2020,8,22,20200822
25468,ブックスマート 卒業前夜のパーティーデビュー,2020,8,22,20200822
25473,きっと、またあえる,2020,8,22,20200822
25474,狂武蔵,2020,8,22,20200822
25615,ＵＶＥＲｗｏｒｌｄ 男祭り ＦＩＮＡＬ ａｔ ＴＯＫＹＯ ＤＯＭＥ,2020,8,28,20200828
25624,（家族ｄｅだんらんシネマ）ドクター・ドリトル※お子様連れ専用上映回,2020,8,28,20200828
25625,事故物件 恐い間取り,2020,8,29,20200829
25632,青くて痛くて脆い,2020,8,29,20200829
25635,奇跡との出会い。－心に寄り添う。３－,2020,8,29,20200829
25642,オフィシャル・シークレット,2020,8,29,20200829
25647,ＵＶＥＲｗｏｒｌｄ ＱＵＥＥＮ’Ｓ ＰＡＲＴＹ ａｔ Ｎｉｐｐｏｎ Ｂｕｄｏｋａｎ ２０１８．１２．２１ 女祭りライブ映像上映,2020,8,29,20200829
25648,幸せへのまわり道,2020,8,29,20200829
25699,ソワレ,2020,8,31,20200831
25752,僕たちの嘘と真実 Ｄｏｃｕｍｅｎｔａｒｙ ｏｆ 欅坂４６ 前夜祭イベント中継,2020,9,3,20200903
25771,（前夜祭中継付き）僕たちの嘘と真実Ｄｏｃｕｍｅｎｔａｒｙ ｏｆ 欅坂４６,2020,9,3,20200903
25774,ラスト・タンゴ,2020,9,3,20200903
25785,Ｒｅｆｒａｍｅ ＴＨＥＡＴＥＲ ＥＸＰＥＲＩＥＮＣＥ ｗｉｔｈ ｙｏｕ,2020,9,4,20200904
25788,パヴァロッティ 太陽のテノール,2020,9,4,20200904
25789,インターステラー,2020,9,4,20200904
25792,映画 きかんしゃトーマス チャオ！とんでうたってディスカバリー！！,2020,9,4,20200904
25799,「田園ボーイズ」映画館 ｄｅ 一挙観イベント,2020,9,4,20200904
25806,僕たちの嘘と真実 Ｄｏｃｕｍｅｎｔａｒｙ ｏｆ 欅坂４６,2020,9,5,20200905
25807,「はたらく細胞！！」最強の敵、再び。体の中は’腸”大騒ぎ！,2020,9,5,20200905
25816,東京事変２Ｏ２Ｏ．７．２４閏ｖｉｓｉｏｎ特番ニュースフラッシュ,2020,9,5,20200905
25819,人数の町,2020,9,5,20200905
25840,宇宙でいちばんあかるい屋根,2020,9,6,20200906
25869,ｍｉｄ９０ｓ ミッドナインティーズ,2020,9,7,20200907
25874,ファナティック ハリウッドの狂愛者,2020,9,7,20200907
25925,ＢＲＥＡＫ ＴＨＥ ＳＩＬＥＮＣＥ ： ＴＨＥ ＭＯＶＩＥ,2020,9,10,20200910
25928,ミッドナイトスワン,2020,9,10,20200910
25933,ＢＡＢＹＭＥＴＡＬ 「ＬＥＧＥＮＤ ＭＥＴＡＬ ＧＡＬＡＸＹ」 ＪＡＰＡＮ ＰＲＥＭＩＥＲＥ,2020,9,10,20200910
25950,窮鼠はチーズの夢を見る,2020,9,11,20200911
25951,ミッドウェイ,2020,9,11,20200911
25964,海辺のエトランゼ,2020,9,11,20200911
25965,喜劇 愛妻物語,2020,9,11,20200911
25966,荒野のコトブキ飛行隊 完全版,2020,9,11,20200911
25969,武蔵野 江戸の循環農業が息づく,2020,9,11,20200911
25974,スペシャルズ！ 政府が潰そうとした自閉症ケア施設を守った男たちの実話,2020,9,11,20200911
25975,映画クレヨンしんちゃん 激突！ラクガキングダムとほぼ四人の勇者,2020,9,12,20200912
26048,＜月イチ歌舞伎２０２０＞怪談 牡丹燈籠,2020,9,14,20200914
26125,劇場版 ヴァイオレット・エヴァーガーデン,2020,9,18,20200918
26126,ＴＥＮＥＴ テネット,2020,9,18,20200918
26133,思い、思われ、ふり、ふられ（アニメ版）,2020,9,18,20200918
26170,ＭＡＮＫＡＩ ＳＴＡＧＥ「Ａ３！」Ｆｏｕｒ Ｓｅａｓｏｎｓ ＬＩＶＥ ２０２０ ライブビューイング,2020,9,19,20200919
26277,映像研には手を出すな！,2020,9,24,20200924
26320,イメージの本,2020,9,25,20200925
26349,リアム・ギャラガー アズ・イット・ワズ,2020,9,26,20200926
26358,アダムス・ファミリー,2020,9,27,20200927
26365,ＣＵＥ ＯＮＬＩＮＥ ＪＡＭ－ＢＯＲＥＥ ２０２０ ライブ・ビューイング,2020,9,27,20200927
26372,ＣＨｉＣＯ ｗｉｔｈ ＨｏｎｅｙＷｏｒｋｓ サマーツアー２０ ＷｉＳＨ Ｕｐｏｎ Ａ Ｓｔａｒ ＬＶ,2020,9,27,20200927
26473,ウルフズ・コール,2020,10,1,20201001
26490,小説の神様 君としか描けない物語,2020,10,2,20201002
26491,劇場版 ＢＥＭ ～ＢＥＣＯＭＥ ＨＵＭＡＮ～,2020,10,2,20201002
26496,フライト・キャプテン 高度１万メートル、奇跡の実話,2020,10,2,20201002
26501,浅田家！,2020,10,3,20201003
26506,トロールズ ミュージック★パワー,2020,10,3,20201003
26545,フェアウェル,2020,10,4,20201004
26566,ＢＵＲＮ ＴＨＥ ＷＩＴＣＨ,2020,10,5,20201005
26599,ある画家の数奇な運命,2020,10,6,20201006
26616,Ｍｏｒｆｏｎｉｃａ １ｓｔ Ｌｉｖｅ「Ｃａｎｔａｂｉｌｅ」ライブ・ビューイング,2020,10,7,20201007
26649,シネマ歌舞伎 三谷かぶき 月光露針路日本 風雲児たち,2020,10,8,20201008
26652,望み,2020,10,9,20201009
26655,星の子,2020,10,9,20201009
26664,ＢａｎＧ Ｄｒｅａｍ！ ８ｔｈ☆ＬＩＶＥ ライブ・ビューイング,2020,10,9,20201009
26709,８２年生まれ、キム・ジヨン,2020,10,11,20201011
26718,ミュージカル「刀剣乱舞」髭切膝丸 双騎出陣２０２０ ～ＳＯＧＡ～ ライブビューイング,2020,10,11,20201011
26719,ヒプノシスマイク－Ｄｉｖｉｓｉｏｎ Ｒａｐ Ｂａｔｔｌｅ－ ライブビューイング,2020,10,11,20201011
26800,きみの瞳が問いかけている,2020,10,15,20201015
26825,鬼滅の刃 無限列車編,2020,10,16,20201016
26826,夜明けを信じて。,2020,10,16,20201016
26831,スパイの妻,2020,10,16,20201016
26842,薬の神じゃない！,2020,10,16,20201016
26855,みをつくし料理帖,2020,10,17,20201017
26872,「ぼくの好きな先生」前田哲監督トーク付先行上映,2020,10,17,20201017
26943,異端の鳥,2020,10,20,20201020
26946,鬼ガール！！,2020,10,20,20201020
26947,機動戦士ガンダムＵＣ（ユニコーン）７：「虹の彼方に」,2020,10,20,20201020
27004,空に住む,2020,10,23,20201023
27007,朝が来る,2020,10,23,20201023
27014,メイキングオブモータウン,2020,10,23,20201023
27023,マロナの幻想的な物語り,2020,10,23,20201023
27024,ストレイ・ドッグ,2020,10,23,20201023
27031,オレたち応援屋！！,2020,10,24,20201024
27042,キーパー ある兵士の奇跡,2020,10,24,20201024
27047,どうにかなる日々,2020,10,24,20201024
27074,かぐや様は告らせたい？ ～天才たちの恋愛頭脳戦～ スペシャルイベント ライブビューイング,2020,10,25,20201025
27089,ナイトメアー・ビフォア・クリスマス,2020,10,26,20201026
27090,リトル・サブカル・ウォーズ ヴィレヴァン！の逆襲,2020,10,26,20201026
27091,ムヒカ 世界でいちばん貧しい,2020,10,26,20201026
27094,彼女は夢で踊る,2020,10,26,20201026
27099,スタートアップ・ガールズ 完成披露舞台挨拶,2020,10,26,20201026
27168,ゲキ×シネ偽義経冥界歌,2020,10,29,20201029
27195,相撲道 サムライを継ぐ者たち,2020,10,30,20201030
27196,ジャズ喫茶ベイシー Ｓｗｉｆｔｙの譚詩 Ｂａｌｌａｄ,2020,10,30,20201030
27197,ザグラッジ 死霊の棲む屋敷,2020,10,30,20201030
27198,君が君で君だ,2020,10,30,20201030
27201,罪の声,2020,10,31,20201031
27202,映画プリキュアミラクルリープ みんなとの不思議な１日,2020,10,31,20201031
27205,とんかつＤＪアゲ太郎,2020,10,31,20201031
27212,ＧＲＡＮＲＯＤＥＯ １５ｔｈアニバーサリーＳｔａｒｔｕｐライブたかが１５年上映会ディレイビューイング,2020,10,31,20201031
27217,ザ・ハント,2020,10,31,20201031
27324,第２１回東京フィルメックス「日子」,2020,11,4,20201104
27351,４６１個のおべんとう,2020,11,6,20201106
27356,十二単衣を着た悪魔,2020,11,6,20201106
27357,おらおらでひとりいぐも,2020,11,6,20201106
27362,感謝離 ずっと一緒に,2020,11,6,20201106
27365,ストックホルムでワルツを,2020,11,6,20201106
27380,モンスターストライク ＴＨＥ ＭＯＶＩＥ ルシファー 絶望の夜明け,2020,11,7,20201107
27381,羅小黒戦記 ぼくが選ぶ未来,2020,11,7,20201107
27396,山崎育三郎 ＴＨＩＳ ＩＳ ＩＫＵ 日本武道館 ライブビューイング,2020,11,7,20201107
27399,ジオラマボーイパノラマガール,2020,11,7,20201107
27414,（みんなｄｅだんらんシネマ）劇場版「鬼滅の刃」無限列車編,2020,11,8,20201108
27419,朗読音楽劇「ＡＣＣＡ１３区監察課 Ｒｅｇａｒｄｓ，」 ライブビューイング,2020,11,8,20201108
27438,ハリー・ポッターと賢者の石,2020,11,9,20201109
27449,ミュージカル「刀剣乱舞」歌合 乱舞狂乱２０１９ ライブビューイング,2020,11,9,20201109
27526,ドクター・デスの遺産 ＢＬＡＣＫ ＦＩＬＥ,2020,11,13,20201113
27531,蒼穹のファフナー ＴＨＥ ＢＥＹＯＮＤ 第七話・第八話・第九話,2020,11,13,20201113
27532,ホテルローヤル,2020,11,13,20201113
27553,魔女見習いをさがして,2020,11,14,20201114
27560,パウ・パトロール カーレース大作戦 ＧＯ！ＧＯ！,2020,11,14,20201114
27563,さくら,2020,11,14,20201114
27570,水上のフライト,2020,11,14,20201114
27571,水曜どうでしょうＤＶＤ＆Ｂｌｕ－ｒａｙ「ザ・ベスト（偶数）」副音声のぞき見公開中継,2020,11,14,20201114
27706,エイブのキッチンストーリー,2020,11,20,20201120
27713,結びの島,2020,11,20,20201120
27724,ルクス・エテルナ 永遠の光,2020,11,20,20201120
27735,ばるぼら,2020,11,21,20201121
27738,フード・ラック！食運,2020,11,21,20201121
27751,ＳＴＡＮＤ ＢＹ ＭＥ ドラえもん ２,2020,11,22,20201122
27786,ミュージカル「刀剣乱舞」 ～幕末天狼傳～,2020,11,23,20201123
27849,機動戦士ガンダム 逆襲のシャア,2020,11,25,20201125
27864,泣く子はいねぇが,2020,11,26,20201126
27889,アーニャは、きっと来る,2020,11,27,20201127
27896,トップをねらえ！ＯＶＡ前編,2020,11,27,20201127
27905,１０万分の１,2020,11,28,20201128
27916,宝塚歌劇 星組梅田芸術劇場公演「エル・アルコン－鷹－」「Ｒａｙ －星の光線－」千秋楽 ライブ中継,2020,11,28,20201128
27919,君は彼方,2020,11,28,20201128
27920,真鮫島事件,2020,11,28,20201128
27923,グリザイア：ファントムトリガー ＴＨＥ ＡＮＩＭＡＴＩＯＮ スターゲイザー,2020,11,28,20201128
27942,先行上映会「ゆるキャン△ ＳＥＡＳＯＮ２～磐田・浜松編～」 ライブビューイング,2020,11,29,20201129
27995,ガメラ 大怪獣空中決戦＜４Ｋデジタル復元版＞,2020,12,1,20201201
28008,Ｍ－１ グランプリ 準決勝 ２０２０ ライブ・ビューイング,2020,12,2,20201202
28051,滝沢歌舞伎 ＺＥＲＯ ２０２０ Ｔｈｅ Ｍｏｖｉｅ,2020,12,4,20201204
28052,サイレント・トーキョー,2020,12,4,20201204
28055,ヱヴァンゲリヲン 新劇場版：序,2020,12,4,20201204
28064,燃ゆる女の肖像,2020,12,4,20201204
28077,劇場版 Ｆａｔｅ／Ｇｒａｎｄ Ｏｒｄｅｒ 神聖円卓領域キャメロット 前編,2020,12,5,20201205
28080,魔女がいっぱい,2020,12,5,20201205
28123,ミセス・ノイズィ,2020,12,6,20201206
28190,アンジュルム コンサートツアー ２０２０ 船木結卒業スペシャルライブビューイング,2020,12,9,20201209
28225,新解釈・三國志,2020,12,11,20201211
28226,天外者,2020,12,11,20201211
28235,イエスかノーか半分か／まるだせ金太狼（ＢＬ ＦＥＳ！！２０２０）,2020,12,11,20201211
28258,ヱヴァンゲリヲン 新劇場版：破,2020,12,12,20201212
28267,ネクスト・ドリーム ふたりで叶える夢,2020,12,12,20201212
28316,宝塚歌劇 宙組宝塚大劇場公演「神々の土地」「クラシカル ビジュー」千秋楽 ライブ中継,2020,12,14,20201214
28319,宝塚歌劇 宙組宝塚大劇場公演「アナスタシア」ライブ中継,2020,12,14,20201214
28334,舞台「両国花錦闘士」 ライブビューイング,2020,12,15,20201215
28403,ワンダーウーマン １９８４,2020,12,18,20201218
28404,劇場版 仮面ライダーセイバー／ゼロワン,2020,12,18,20201218
28423,日本独立,2020,12,18,20201218
28434,ヱヴァンゲリヲン 新劇場版：Ｑ,2020,12,19,20201219
28437,ビルとテッドの時空旅行 音楽で世界を救え！,2020,12,19,20201219
28438,私をくいとめて,2020,12,19,20201219
28471,スレイヤーズ３０周年記念イベント ライブ・ビューイング ～今こそ！集まってくんないと暴れちゃうぞ！～,2020,12,20,20201220
28492,森の学校,2020,12,21,20201221
28527,約束のネバーランド,2020,12,23,20201223
28576,映画 えんとつ町のプペル,2020,12,25,20201225
28581,ジョゼと虎と魚たち,2020,12,25,20201225
28582,ＨｏｎｅｙＷｏｒｋｓ １０ｔｈ Ａｎｎｉｖｅｒｓａｒｙ ＬＩＰ×ＬＩＰ,2020,12,25,20201225
28587,特別上映版 ワールドトリガー ２ｎｄシーズン,2020,12,25,20201225
28618,ＡＷＡＫＥ,2020,12,26,20201226
28621,新感染半島 ファイナル・ステージ,2020,12,26,20201226
28626,劇場版 ポケットモンスター ココ,2020,12,27,20201227
28647,（ＳＲ２０★ＬＩＶＥ ＺＯＵＮＤ 滅殺開墾ハードコアｖｅｒ） プロメア,2020,12,27,20201227
28762,燃えよデブゴン ＴＯＫＹＯ ＭＩＳＳＩＯＮ,2021,1,1,20210101
28767,大コメ騒動,2021,1,1,20210101
28838,劇場版 生徒会役員共,2021,1,4,20210104
28899,Ｓｗａｌｌｏｗ／スワロウ,2021,1,6,20210106
28918,西野亮廣がゆく「映画 えんとつ町のプペル」！トークショー付き上映！,2021,1,7,20210107
28925,銀魂 ＴＨＥ ＦＩＮＡＬ,2021,1,8,20210108
28930,おとなの事情 スマホをのぞいたら,2021,1,8,20210108
28937,劇場版 岩合光昭の世界ネコ歩き あるがままに、水と大地,2021,1,8,20210108
28946,スタントウーマン ハリウッドの知られざるヒーローたち,2021,1,8,20210108
28971,劇場版 生徒会役員共２,2021,1,9,20210109
28992,新世紀エヴァンゲリオン劇場版 ＤＥＡＴＨ（ＴＲＵＥ）２／Ａｉｒ／まごころを、君に,2021,1,10,20210110
29019,ヱヴァンゲリヲン新劇場版：Ｑ ｖｅｒ．３．３３３,2021,1,11,20210111
29032,劇場版 美少女戦士セーラームーンＥｔｅｒｎａｌ 前編,2021,1,12,20210112
29123,アンチ・ライフ,2021,1,15,20210115
29146,４３年後のアイ・ラヴ・ユー （字幕版）,2021,1,16,20210116
29161,ミュージカル「刀剣乱舞」五周年記念 壽 乱舞音曲祭ライブビューイング,2021,1,17,20210117
29174,ＴＨＥ ＯＲＡＬ ＣＩＧＡＲＥＴＴＥＳ Ｉｎｔｅｒａｃｔｉｖｅ Ｍｏｖｉｅ「ＯＲＡＬＩＵＭ」,2021,1,17,20210117
29179,夏目友人帳 石起こしと怪しき来訪者,2021,1,18,20210118
29244,ズーム／見えない参加者,2021,1,20,20210120
29283,ＳＡＮＫＹＯ ｐｒｅｓｅｎｔｓ ワルキューレ ＬＩＶＥ ＴＯＵＲ ２０２０－２０２１ ～ワルキューレはあきらめない！！！！！～ ＬＩＶＥ ＶＩＥＷＩＮＧ,2021,1,22,20210122
29292,エマの秘密に恋したら （字幕版）,2021,1,22,20210122
29299,どん底作家の人生に幸あれ！,2021,1,22,20210122
29302,さんかく窓の外側は夜,2021,1,23,20210123
29321,ＫＣＩＡ 南山の部長たち,2021,1,23,20210123
29450,花束みたいな恋をした,2021,1,29,20210129
29453,ヤクザと家族 Ｔｈｅ Ｆａｍｉｌｙ,2021,1,29,20210129
29454,名も無き世界のエンドロール,2021,1,29,20210129
29469,プラットフォーム,2021,1,29,20210129
29492,ＨＯＴＥＩ ４０ｔｈ ＡＮＮＩＶＥＲＳＡＲＹ Ｌｉｖｅ Ｍｅｓｓａｇｅ ｆｒｏｍ Ｂｕｄｏｋａｎ ～とどけ。Ｄａｙ １～ＬＩＶＥＶＩＥＷＩＮＧ,2021,1,30,20210130
29519,おもいで写眞,2021,1,31,20210131
29556,Ｅｎｄｌｅｓｓ ＳＨＯＣＫ,2021,2,2,20210202
29629,哀愁しんでれら,2021,2,5,20210205
29646,ダニエル,2021,2,5,20210205
29649,イルミナティ 世界を操る闇の秘密結社,2021,2,5,20210205
29652,樹海村,2021,2,6,20210206
29667,劇場版「ホリミヤ」,2021,2,6,20210206
29668,ディエゴマラドーナ 二つの顔,2021,2,6,20210206
29671,宝塚歌劇 花組梅田芸術劇場公演「ＮＩＣＥ ＷＯＲＫ ＩＦ ＹＯＵ ＣＡＮ ＧＥＴ ＩＴ」ライブ中継,2021,2,6,20210206
29718,宝塚雪組 「ｆｆｆ－フォルティッシッシモ－」他,2021,2,8,20210208
29719,宝塚歌劇 雪組宝塚大劇場公演「ｆｆｆ」「シルクロード」千秋楽 ＬＶ,2021,2,8,20210208
29776,名探偵コナン 緋色の不在証明,2021,2,11,20210211
29781,劇場版 美少女戦士セーラームーンＥｔｅｒｎａｌ 後編,2021,2,11,20210211
29802,ファーストラヴ,2021,2,12,20210212
29811,プリンセス・プリンシパル Ｃｒｏｗｎ Ｈａｎｄｌｅｒ 第１章,2021,2,12,20210212
29818,ガメラ２ レギオン襲来＜４Ｋデジタル復元版＞,2021,2,12,20210212
29823,ノンストップ,2021,2,12,20210212
29830,すばらしき世界,2021,2,13,20210213
29849,マーメイド・イン・パリ （字幕版）,2021,2,13,20210213
29872,ＢＡＢＹＭＥＴＡＬ －１０ ＢＡＢＹＭＥＴＡＬ ＢＵＤＯＫＡＮ ＰＲＥＭＩＵＭ ＥＤＩＴＩＯＮ－,2021,2,14,20210214
29975,ライアー×ライアー,2021,2,19,20210219
29992,世界で一番いとしい君へ,2021,2,19,20210219
30007,あの頃。,2021,2,20,20210220
30022,藁にもすがる獣たち,2021,2,20,20210220
30033,スーパー戦隊ＭＯＶＩＥレンジャー２０２１,2021,2,21,20210221
30162,半径１メートルの君 上を向いて歩こう,2021,2,26,20210226
30163,あのこは貴族 完成披露付き上映会,2021,2,26,20210226
30166,劇場版ポルノグラファー プレイバック,2021,2,26,20210226
30167,スカイライン－逆襲－,2021,2,26,20210226
30172,ガンズ・アキンボ,2021,2,26,20210226
30195,爆笑問題ｗｉｔｈタイタンシネマライブ♯６９,2021,2,27,20210227
30222,ミュージカル・ゴシック「ポーの一族」大千秋楽ライブビューイング,2021,2,28,20210228
30245,リーサルストーム,2021,3,1,20210301
30246,ステージ・マザー,2021,3,1,20210301
30329,ＡＲＩＡ Ｔｈｅ ＣＲＥＰＵＳＣＯＬＯ,2021,3,5,20210305
30352,太陽は動かない,2021,3,6,20210306
30363,野球少女,2021,3,6,20210306
30380,ラーヤと龍の王国,2021,3,7,20210307
30399,キンキーブーツ,2021,3,7,20210307
30400,シン・エヴァンゲリオン劇場版,2021,3,8,20210308
30415,ガラスの城の約束,2021,3,8,20210308
30424,痛くない死に方,2021,3,8,20210308
30501,ブレイブ－群青戦記－,2021,3,12,20210312
30508,すくってごらん,2021,3,12,20210312
30513,映画しまじろう しまじろうと そらとぶふね,2021,3,12,20210312
30514,アウトポスト,2021,3,12,20210312
30515,ビバリウム,2021,3,12,20210312
30676,奥様は、取り扱い注意,2021,3,19,20210319
30677,トムとジェリー,2021,3,19,20210319
30684,まともじゃないのは君も一緒,2021,3,19,20210319
30699,ＭＥＴプレミアム２０２１「メリー・ウィドウ」,2021,3,19,20210319
30714,２０２１年劇団☆新感線４１周年春興行 Ｙｅｌｌｏｗ新感線「月影花之丞大逆転」,2021,3,20,20210320
30733,ミナリ,2021,3,21,20210321
30764,劇場版 Ｆａｔｅ／ｓｔａｙ ｎｉｇｈｔ Ｈｅａｖｅｎｓ Ｆｅｅｌ 第三章 ＜ビデオマスター版＞,2021,3,22,20210322
30781,映画ヒーリングっど・プリキュア ゆめのまちでキュン！っとＧｏＧｏ！大変身！！,2021,3,23,20210323
30852,ガールズ＆パンツァー 最終章 第３話,2021,3,26,20210326
30853,騙し絵の牙,2021,3,26,20210326
30858,ノマドランド,2021,3,26,20210326
30867,東京裁判,2021,3,26,20210326
30876,映画モンスターハンター,2021,3,27,20210327
30913,ゼロワン Ｏｔｈｅｒｓ 仮面ライダー滅亡迅雷,2021,3,28,20210328
30918,舞台「刀剣乱舞」天伝 蒼空の兵－大坂冬の陣－ ライブビューイング,2021,3,28,20210328
30919,大ヒット御礼舞台挨拶生中継 シンエヴァンゲリオン劇場版,2021,3,28,20210328
31026,劇場版シグナル 長期未解決事件捜査班,2021,4,2,20210402
31039,ホムンクルス,2021,4,2,20210402
31058,あんさんぶるスターズ！！ ＥＳ Ｍｕｓｉｃ Ｇａｒｄｅｎ Ｄｅｌａｙ Ｖｉｅｗｉｎｇ,2021,4,3,20210403
31063,るろうに剣心,2021,4,3,20210403
31070,るろうに剣心 伝説の最期編,2021,4,3,20210403
31149,時をかける少女,2021,4,6,20210406
31174,サンドラの小さな家,2021,4,7,20210407
31207,２１ブリッジ,2021,4,9,20210409
31208,るろうに剣心 京都大火編,2021,4,9,20210409
31209,ザ・スイッチ,2021,4,9,20210409
31210,バイプレイヤーズ もしも１００人の名脇役が映画を作ったら,2021,4,9,20210409
31217,パームスプリングス,2021,4,9,20210409
31218,ザ・バッド・ガイズ,2021,4,9,20210409
31219,ＢＬＵＥ／ブルー,2021,4,9,20210409
31224,レッドスネイク,2021,4,9,20210409
31321,アンモナイトの目覚め,2021,4,13,20210413
31368,砕け散るところを見せてあげる,2021,4,15,20210415
31375,名探偵コナン 緋色の弾丸,2021,4,16,20210416
31388,爆笑問題ｗｉｔｈタイタンシネマライブ♯７０,2021,4,16,20210416
31393,ガメラ３ 邪神＜イリス＞覚醒＜４Ｋデジタル復元版＞,2021,4,16,20210416
31486,ＡＶＡ／エヴァ,2021,4,20,20210420
31497,ＪＵＮＫ ＨＥＡＤ,2021,4,20,20210420
31550,るろうに剣心 最終章 Ｔｈｅ Ｆｉｎａｌ,2021,4,23,20210423
31553,劇場版 ＢａｎＧ Ｄｒｅａｍ！ Ｅｐｉｓｏｄｅ ｏｆ Ｒｏｓｅｌｉａ Ｉ：約束,2021,4,23,20210423
31562,グランパ・ウォーズ おじいちゃんと僕の宣戦布告,2021,4,23,20210423
31597,街の上で,2021,4,24,20210424
31624,アンタッチャブル,2021,4,25,20210425
31757,魔進戦隊キラメイジャーＶＳリュウソウジャー,2021,5,1,20210501
31768,ティファニーで朝食を,2021,5,1,20210501
31903,ジェントルメン,2021,5,7,20210507
31906,プロジェクトＶ,2021,5,7,20210507
31913,ローグ,2021,5,7,20210507
31918,大綱引の恋,2021,5,7,20210507
31921,ジェントルマン 〈インディアンムービーウィーク２０１９〉,2021,5,7,20210507
31946,Ｋｉｒａｍｕｎｅ Ｐｒｅｓｅｎｔｓ リーディングライブ「密室の中の亡霊 幻視探偵」ライブビューイング,2021,5,8,20210508
31963,ラブ・セカンド・サイト はじまりは初恋のおわりから （字幕版）,2021,5,9,20210509
31974,未来へのかたち,2021,5,9,20210509
32065,くれなずめ,2021,5,13,20210513
32080,ファーザー,2021,5,14,20210514
32095,しあわせのマスカット,2021,5,14,20210514
32096,ＳＮＳ 少女たちの１０日間,2021,5,14,20210514
32097,復興応援 政宗ダテニクル 合体版＋,2021,5,14,20210514
32102,美しき誘惑 現代の「画皮」,2021,5,15,20210515
32103,劇場版 Ｆａｔｅ／Ｇｒａｎｄ Ｏｒｄｅｒ 神聖円卓領域キャメロット 後編,2021,5,15,20210515
32148,台北暮色,2021,5,16,20210516
32189,劇場版 Ｆａｔｅ,2021,5,18,20210518
32224,シネマ歌舞伎 野田版 研辰の討たれ,2021,5,19,20210519
32251,いのちの停車場,2021,5,21,20210521
32266,茜色に焼かれる,2021,5,21,20210521
32275,地獄の花園,2021,5,22,20210522
32282,劇場版 ポリス×戦士 ラブパトリーナ！ 怪盗からの挑戦！ラブでパパッとタイホせよ！,2021,5,22,20210522
32309,ミュージカル「刀剣乱舞」 ～東京心覚～ ライブビューイング,2021,5,23,20210523
32312,（先行上映）お終活 熟春！人生、百年時代の過ごし方,2021,5,23,20210523
32315,レスキュー （字幕版）,2021,5,23,20210523
32406,映画 賭ケグルイ 絶体絶命ロシアンルーレット,2021,5,27,20210527
32427,クルエラ （吹替版）,2021,5,28,20210528
32430,ＨＯＫＵＳＡＩ,2021,5,28,20210528
32431,アオラレ,2021,5,28,20210528
32434,ハチとパルマの物語 （字幕版）,2021,5,28,20210528
32437,明日の食卓,2021,5,28,20210528
32438,名も無い日,2021,5,28,20210528
32469,アメリカン・ユートピア,2021,5,29,20210529
32594,ローズメイカー 奇跡のバラ,2021,6,3,20210603
32603,胸が鳴るのは君のせい,2021,6,4,20210604
32608,劇場版 少女☆歌劇 レヴュースタァライト,2021,6,4,20210604
32609,２ｇｅｔｈｅｒ ＴＨＥ ＭＯＶＩＥ,2021,6,4,20210604
32610,シドニアの騎士 あいつむぐほし,2021,6,4,20210604
32611,グリーンランド －地球最後の２日間－,2021,6,4,20210604
32618,コンティニュー,2021,6,4,20210604
32625,るろうに剣心 最終章 Ｔｈｅ Ｂｅｇｉｎｎｉｎｇ,2021,6,5,20210605
32640,映画大好きポンポさん,2021,6,5,20210605
32693,はるヲうるひと,2021,6,7,20210607
32696,シネマ歌舞伎 鰯賣戀曳網,2021,6,7,20210607
32775,機動戦士ガンダム 閃光のハサウェイ,2021,6,11,20210611
32776,キャラクター,2021,6,11,20210611
32781,漁港の肉子ちゃん,2021,6,11,20210611
32786,「宇宙戦艦ヤマト」という時代 西暦２２０２年の選択,2021,6,11,20210611
32793,映画 さよなら私のクラマー ファーストタッチ,2021,6,11,20210611
32798,爆笑問題ｗｉｔｈタイタンシネマライブ♯７１,2021,6,11,20210611
32807,Ｍｒ．ノーバディ,2021,6,12,20210612
32822,ブルーヘブンを君に,2021,6,12,20210612
32955,クワイエット・プレイス 破られた沈黙,2021,6,18,20210618
32956,ヒノマルソウル～舞台裏の英雄たち～,2021,6,18,20210618
32967,ＲＵＮ／ラン,2021,6,18,20210618
32968,リカ ～自称２８歳の純愛モンスター～,2021,6,18,20210618
32975,ザ・ファブル 殺さない殺し屋,2021,6,19,20210619
32984,モータルコンバット,2021,6,19,20210619
33119,Ｙｅｌｌｏｗ 新感線 月影花之丞大逆転 ディレイビューイング,2021,6,24,20210624
33134,ＢａｎＧ Ｄｒｅａｍ！ Ｅｐｉｓｏｄｅ ｏｆ Ｒｏｓｅｌｉａ ＩＩ：Ｓｏｎｇ Ｉ ａｍ．,2021,6,25,20210625
33137,それいけ！アンパンマン ふわふわフワリーと雲の国,2021,6,25,20210625
33138,Ａｒｃ アーク,2021,6,25,20210625
33145,稲村ジェーン,2021,6,25,20210625
33156,ピーターラビット２ バーナバスの誘惑,2021,6,26,20210626
33185,夏への扉－キミのいる未来へ－,2021,6,27,20210627
33222,１秒先の彼女,2021,6,28,20210628
33295,スーパーノヴァ,2021,7,1,20210701
33300,ゴジラｖｓコング,2021,7,2,20210702
33301,劇場版 七つの大罪 光に呪われし者たち,2021,7,2,20210702
33336,ジェジュン：オンザロード,2021,7,3,20210703
33395,アジアの天使,2021,7,5,20210705
33450,ブラックウィドウ,2021,7,8,20210708
33475,東京リベンジャーズ,2021,7,9,20210709
33476,ハニーレモンソーダ,2021,7,9,20210709
33485,唐人街探偵 東京ＭＩＳＳＩＯＮ,2021,7,9,20210709
33494,ライトハウス,2021,7,9,20210709
33515,１００日間生きたワニ,2021,7,10,20210710
33520,劇場編集版 かくしごと －ひめごとはなんですか－,2021,7,10,20210710
33661,ファイナル・プラン,2021,7,16,20210716
33664,プロミシング・ヤング・ウーマン,2021,7,16,20210716
33675,竜とそばかすの姫,2021,7,17,20210717
33710,ＳＥＯＢＯＫ／ソボク,2021,7,18,20210718
33813,犬部！,2021,7,22,20210722
33816,劇場版「Ｇのレコンギスタ ＩＩＩ」「宇宙からの遺産」,2021,7,22,20210722
33827,セイバー＋ゼンカイジャースーパーヒーロー戦記,2021,7,23,20210723
33832,とびだせ！ならせ！ ＰＵＩ ＰＵＩ モルカー,2021,7,23,20210723
33867,サイダーのように言葉が湧き上がる,2021,7,24,20210724
33922,＜月イチ歌舞伎２０２１＞野田版 研辰の討たれ,2021,7,26,20210726
33977,ジャングル・ブック,2021,7,29,20210729
34002,劇場版 Ｆａｔｅ／Ｇｒａｎｄ Ｏｒｄｅｒ 終局特異点 冠位時間神殿ソロモン,2021,7,30,20210730
34005,ジャングル・クルーズ,2021,7,30,20210730
34008,イン・ザ・ハイツ,2021,7,30,20210730
34019,パンケーキを毒見する,2021,7,30,20210730
34024,返校 言葉が消えた日,2021,7,30,20210730
34035,白蛇：縁起,2021,7,31,20210731
34076,映画クレヨンしんちゃん 謎メキ！花の天カス学園,2021,8,2,20210802
34099,都会（まち）のトム＆ソーヤ,2021,8,2,20210802
34136,ＢＬＡＣＫＰＩＮＫ ＴＨＥ ＭＯＶＩＥ,2021,8,4,20210804
34175,僕のヒーローアカデミア ＴＨＥ ＭＯＶＩＥ ワールド ヒーローズ ミッション,2021,8,6,20210806
34176,ワイルド・スピード ジェット・ブレイク,2021,8,6,20210806
34181,映画 太陽の子,2021,8,6,20210806
34280,キネマの神様,2021,8,10,20210810
34353,ザ・スーサイド・スクワッド ’極”悪党、集結,2021,8,13,20210813
34356,妖怪大戦争 ガーディアンズ,2021,8,13,20210813
34357,フリー・ガイ,2021,8,13,20210813
34360,映画おしりたんてい スフーレ島のひみつ／深海のサバイバル！,2021,8,13,20210813
34361,ドント・ブリーズ２,2021,8,13,20210813
34372,ターミネーター２ ３Ｄ,2021,8,13,20210813
34373,僕のヒーローアカデミア ＴＨＥ ＭＯＶＩＥ イッキミ,2021,8,13,20210813
34532,パウ・パトロール ザ・ムービー,2021,8,20,20210820
34537,ＢａｎＧ Ｄｒｅａｍ！ ＦＩＬＭ ＬＩＶＥ ２ｎｄ Ｓｔａｇｅ,2021,8,20,20210820
34548,Ｓｕｍｍｅｒ ｏｆ ８５ ＜リモートプレミア上映会＞,2021,8,20,20210820
34553,孤狼の血 ＬＥＶＥＬ２,2021,8,21,20210821
34562,劇場版 きんいろモザイク Ｔｈａｎｋ ｙｏｕ！！,2021,8,21,20210821
34567,ドライブ・マイ・カー,2021,8,21,20210821
34600,かぐや様は告らせたい～天才たちの恋愛頭脳戦～ファイナル,2021,8,23,20210823
34701,アーヤと魔女,2021,8,27,20210827
34706,オールド,2021,8,27,20210827
34709,スペース・プレイヤーズ,2021,8,27,20210827
34710,劇場版 Ｆａｔｅ／ｋａｌｅｉｄ ｌｉｎｅｒ プリズマ☆イリヤ Ｌｉｃｈｔ 名前の無い少女,2021,8,27,20210827
34713,夢判断、そして恐怖体験へ,2021,8,27,20210827
34742,岬のマヨイガ,2021,8,29,20210829
34743,白頭山大噴火,2021,8,29,20210829
34744,Ｖシネクスト「ゼロワン Ｏｔｈｅｒｓ 仮面ライダーバルカン＆バルキリー」,2021,8,29,20210829
34755,鳩の撃退法,2021,8,30,20210830
34850,シャン・チー／テン・リングスの伝説,2021,9,3,20210903
34851,科捜研の女 －劇場版－,2021,9,3,20210903
34854,リョーマ！Ｔｈｅ Ｐｒｉｎｃｅ ｏｆ Ｔｅｎｎｉｓ 新生劇場版テニスの王子様,2021,9,3,20210903
34873,アナザーラウンド,2021,9,3,20210903
34874,劇場版 がんばれ！ＴＥＡＭ ＮＡＣＳ,2021,9,3,20210903
34887,モンタナの目撃者,2021,9,4,20210904
34970,シャン・チー,2021,9,7,20210907
34973,テーラー 人生の仕立て屋,2021,9,7,20210907
35036,スパイラル：ソウ オールリセット,2021,9,10,20210910
35065,映画 おかあさんといっしょ ヘンテコ世界からの脱出！,2021,9,11,20210911
35092,先生、私の隣に座っていただけませんか？,2021,9,12,20210912
35115,スーパー戦闘 純烈ジャー,2021,9,13,20210913
35200,マスカレード・ナイト,2021,9,17,20210917
35201,劇場版 Ｆｒｅｅ！ －ｔｈｅ Ｆｉｎａｌ Ｓｔｒｏｋｅ－ 前編,2021,9,17,20210917
35202,レミニセンス,2021,9,17,20210917
35215,ＧＨＯＳＴ ＩＮ ＴＨＥ ＳＨＥＬＬ ゴースト・イン・ザ・シェル,2021,9,17,20210917
35358,プリンセス・プリンシパル Ｃｒｏｗｎ Ｈａｎｄｌｅｒ 第２章,2021,9,23,20210923
35359,ＭＩＮＡＭＡＴＡ ミナマタ,2021,9,23,20210923
35366,マイ・ダディ,2021,9,23,20210923
35371,オアシス：ネブワース１９９６,2021,9,23,20210923
35378,空白,2021,9,24,20210924
35397,整形水,2021,9,24,20210924
35398,殺人鬼から逃げる夜,2021,9,24,20210924
35451,総理の夫,2021,9,27,20210927
35460,クーリエ：最高機密の運び屋,2021,9,27,20210927
35557,ルパン三世 カリオストロの城 同時上映：ルパンは今も燃えているか？,2021,10,1,20211001
35590,ＳＰＩＴＺ ＪＡＭＢＯＲＥＥ ＴＯＵＲ ２０２１ ＮＥＷ ＭＩＫＫＥ ＴＨＥ ＭＯＶＩＥ,2021,10,2,20211002
35597,ＤＩＶＯＣ－１２,2021,10,2,20211002
35600,００７ ノー・タイム・トゥ・ダイ,2021,10,3,20211003
35627,護られなかった者たちへ,2021,10,4,20211004
35654,死霊館 悪魔のせいなら、無罪。,2021,10,5,20211005
35671,１０ ＢＡＢＹＭＥＴＡＬ ＢＵＤＯＫＡＮ,2021,10,5,20211005
35726,宇宙の法－エローヒム編－,2021,10,8,20211008
35731,キャッシュトラック,2021,10,8,20211008
35732,宇宙戦艦ヤマト２２０５ 新たなる旅立ち 前章 ＴＡＫＥ ＯＦＦ,2021,10,8,20211008
35741,プリズナーズ・オブ・ゴーストランド,2021,10,8,20211008
35766,神在月のこども,2021,10,9,20211009
35779,劇場版マクロス△ 絶対ＬＩＶＥ！！！！！！,2021,10,10,20211010
35808,劇場版 抱かれたい男１位に脅されています。～スペイン編～,2021,10,11,20211011
35839,ＯＮＯＤＡ 一万夜を越えて,2021,10,12,20211012
35900,燃えよ剣,2021,10,15,20211015
35901,ＤＵＮＥ／デューン 砂の惑星,2021,10,15,20211015
35908,最後の決闘裁判,2021,10,15,20211015
35911,キャンディマン,2021,10,15,20211015
35920,Ｏｕｒ Ｆｒｉｅｎｄ／アワーフレンド,2021,10,15,20211015
35929,劇場版 ルパンの娘,2021,10,16,20211016
36012,生誕祭＜Ｇｌｏｒｙ＞リョーマ！Ｔｈｅ Ｐｒｉｎｃｅ ｏｆ Ｔｅｎｎｉｓ 新生劇場版テニスの,2021,10,19,20211019
36083,Ｇ．Ｉ．ジョー：漆黒のスネークアイズ,2021,10,22,20211022
36084,ロン 僕のポンコツ・ボット,2021,10,22,20211022
36103,ＣＵＢＥ 一度入ったら、最後,2021,10,23,20211023
36110,ひらいて,2021,10,23,20211023
36125,映画トロピカル～ジュ！プリキュア 雪のプリンセスと奇跡の指輪,2021,10,24,20211024
36250,そして、バトンは渡された,2021,10,29,20211029
36257,アイの歌声を聴かせて,2021,10,29,20211029
36258,ハロウィン ＫＩＬＬＳ,2021,10,29,20211029
36263,モーリタニアン 黒塗りの記録,2021,10,29,20211029
36300,劇場版 ソードアート・オンライン プログレッシブ 星なき夜のアリア,2021,10,31,20211031
36325,老後の資金がありません！,2021,11,1,20211101
36400,劇場版「きのう何食べた？」,2021,11,4,20211104
36415,テン・ゴーカイジャー,2021,11,4,20211104
36432,リスペクト,2021,11,5,20211105
36451,エターナルズ,2021,11,6,20211106
36470,ほんとうのピノッキオ,2021,11,6,20211106
36471,ＡＲＡＳＨＩ ５×２０ ＦＩＬＭ,2021,11,6,20211106
36504,映画 すみっコぐらし 青い月夜のまほうのコ,2021,11,8,20211108
36517,蒼穹のファフナー ＴＨＥ ＢＥＹＯＮＤ 第十話・第十一話・第十二話,2021,11,8,20211108
36544,アンテベラム,2021,11,9,20211109
36611,恋する寄生虫,2021,11,12,20211112
36614,梅切らぬバカ,2021,11,12,20211112
36615,攻殻機動隊 新劇場版,2021,11,12,20211112
36618,おしえて！ドクター・ルース,2021,11,12,20211112
36623,サマーゴースト,2021,11,12,20211112
36634,アイス・ロード,2021,11,13,20211113
36639,マリグナント 狂暴な悪夢,2021,11,13,20211113
36720,カオス・ウォーキング,2021,11,16,20211116
36775,土竜の唄 ＦＩＮＡＬ,2021,11,19,20211119
36796,聖地Ｘ,2021,11,19,20211119
36869,ずっと独身でいるつもり？,2021,11,22,20211122
36874,ＯＮＥ ＦＯＵＲ ＫＥＮＧＯ ＴＨＥ ＭＯＶＩＥ…,2021,11,22,20211122
36911,劇場版 舞台「刀剣乱舞」虚伝 燃ゆる本能寺,2021,11,24,20211124
36914,Ｊｕｉｃｅ＝Ｊｕｉｃｅ ＣＯＮＣＥＲＴ ２０２０ 宮本佳林卒業スペシャル ＬＶ,2021,11,24,20211124
36933,ミュージカル「刀剣乱舞」～静かの海のパライソ～ライブビューイング,2021,11,25,20211125
36952,ディア・エヴァン・ハンセン,2021,11,26,20211126
36961,昨日より赤く明日より青く ＣＩＮＥＭＡＦＩＧＨＴＥＲＳ ＰＲＯＪＥＣＴ,2021,11,26,20211126
36966,ミュージカル「刀剣乱舞」 壽 乱舞音曲祭 膝丸 （４ＤＸ）,2021,11,26,20211126
36985,ＥＵＲＥＫＡ 交響詩篇エウレカセブン ハイエボリューション,2021,11,27,20211127
36994,劇場版 うたの☆プリンスさまっ♪マジ ＬＯＶＥ キングダム（１０万分の１秒の音響映画祭）,2021,11,27,20211127
37001,ミラベルと魔法だらけの家,2021,11,28,20211128
37074,ダ・ヴィンチは誰に微笑む （字幕版）,2021,11,30,20211130
37077,新世紀エヴァンゲリオン劇場版Ａｉｒ／まごころを、君に,2021,12,1,20211201
37082,ダーク・アンド・ウィケッド,2021,12,1,20211201
37085,茲山魚譜－チャサンオボ－,2021,12,1,20211201
37086,マイ ビューティフル ガーデン,2021,12,1,20211201
37091,１５ミニッツウォー,2021,12,1,20211201
37092,私は白鳥,2021,12,1,20211201
37093,アップグレード,2021,12,1,20211201
37096,ペルセポネーの泪,2021,12,1,20211201
37125,ヴェノム：レット・ゼア・ビー・カーネイジ,2021,12,3,20211203
37130,ＭＡＮＫＡＩ ＭＯＶＩＥ「Ａ３！」ＳＰＲＩＮＧ＆ＳＵＭＭＥＲ,2021,12,3,20211203
37141,彼女が好きなものは,2021,12,3,20211203
37146,１８９,2021,12,3,20211203
37147,天才ヴァイオリニストと消えた旋律,2021,12,3,20211203
37162,フラ・フラダンス,2021,12,4,20211204
37165,ＳＵＰＥＲ ＪＵＮＩＯＲ－ＹＥＳＵＮＧ ＯＮ－ＬＩＮＥ Ｓｐｅｃｉａｌ Ｅｖｅｎｔ,2021,12,4,20211204
37166,パーフェクトケア,2021,12,4,20211204
37235,ＡＲＩＡ Ｔｈｅ ＢＥＮＥＤＩＺＩＯＮＥ,2021,12,7,20211207
37246,シネマ歌舞伎 刺青奇遇,2021,12,7,20211207
37265,ＭＯＮＳＴＡ Ｘ ： ＴＨＥ ＤＲＥＡＭＩＮＧ,2021,12,8,20211208
37300,あなたの番です 劇場版,2021,12,11,20211211
37323,さよなら、ティラノ,2021,12,11,20211211
37354,モーニング娘。１９コンサートツアー秋,2021,12,13,20211213
37373,宝塚歌劇 花組宝塚大劇場公演「元禄バロックロック」「Ｔｈｅ Ｆａｓｃｉｎａｔｉｏｎ」千秋楽ＬＶ,2021,12,13,20211213
37378,ラストナイト・イン・ソーホー,2021,12,14,20211214
37397,モスラ,2021,12,14,20211214
37450,マトリックス レザレクションズ,2021,12,17,20211217
37465,私はいったい、何と闘っているのか,2021,12,17,20211217
37466,ダーク・ウォーターズ 巨大企業が恐れた男,2021,12,17,20211217
37467,２０２１ ＸＩＡ Ｂａｌｌａｄ ＆ Ｍｕｓｉｃａｌ Ｃｏｎｃｅｒｔ ｗｉｔｈ Ｏｒｃｈｅｓｔｒａ ＬＩＶＥ ＶＩＥＷＩＮＧ,2021,12,17,20211217
37478,ボス・ベイビー ファミリー・ミッション,2021,12,18,20211218
37485,Ａｆｔｅｒｇｌｏｗスペシャルイベント いつも通りの放課後デイズ ライブ・ビューイング,2021,12,18,20211218
37504,仮面ライダー ビヨンド・ジェネレーションズ,2021,12,19,20211219
37571,ハリー・ポッターと死の秘宝 ＰＡＲＴ２,2021,12,21,20211221
37598,世界で一番しあわせな食堂,2021,12,22,20211222
37601,キングスマン ファースト・エージェント,2021,12,24,20211224
37616,レイジング・ファイア,2021,12,24,20211224
37617,ただ悪より救いたまえ,2021,12,24,20211224
37640,３０ｔｈ Ｌ’Ａｎｎｉｖｅｒｓａｒｙ ＴＯＵＲ ＬＩＶＥ ＶＩＥＷＩＮＧ,2021,12,25,20211225
37675,劇場版 呪術廻戦０,2021,12,27,20211227
37718,（ＺＲ２１ ＬＩＶＥ ＺＯＵＮＤ ＨＡＲＤＣＯＲＥ） 劇場版「鬼滅の刃」無限列車編,2021,12,28,20211228
37751,９９．９ 刑事専門弁護士 ＴＨＥ ＭＯＶＩＥ,2021,12,30,20211230
37766,Ｈｅｌｌｏ！Ｐｒｏｊｅｃｔ Ｙｅａｒ－Ｅｎｄ ＰＡＲＴＹ ２０２１ ライブビューイング,2021,12,30,20211230
37767,（ＺＲ２１ 岩浪美和音響監督監修 絶対領界音域 ＬＺ６．１ｃｈ）羅小黒戦記 ロシャオヘイセンキ ぼくが選ぶ未来,2021,12,30,20211230
37768,Ｈｅｌｌｏ！Ｐｒｏｊｅｃｔ Ｔｅａｒ－Ｅｎｄ ＰＡＲＴＹ ２０２０ ライブビューイング,2021,12,30,20211230
37783,明け方の若者たち,2021,12,31,20211231
37798,＜ＺＲ２１ ＬＩＶＥサウンド＞ 機動戦士ガンダム 閃光のハサウェイ,2021,12,31,20211231
37807,劇場版「ＢａｎＧ Ｄｒｅａｍ！ ぽっぴんどりーむ！」,2022,1,1,20220101
37842,映画演劇 サクセス荘 ～侵略者Ｓと西荻窪の奇跡～,2022,1,2,20220102
37843,ヴォイスオブラブ,2022,1,2,20220102
37896,ＢＢＢ（ＢＡＹ ＢＬＵＥ ＢＬＵＥＳ）２０２１,2022,1,4,20220104
37955,映画 文豪ストレイドッグス ＢＥＡＳＴ,2022,1,7,20220107
37960,マークスマン,2022,1,7,20220107
37965,魔神英雄伝ワタル 七魂の龍神丸 －再会－ ＜田中真弓×伊倉一恵 新春スペシャル映像付＞,2022,1,7,20220107
37966,スパイダーマン ノー・ウェイ・ホーム（・吹替版）,2022,1,7,20220107
37973,こんにちは、私のお母さん,2022,1,7,20220107
37982,サンダーバード５５／ＧＯＧＯ,2022,1,8,20220108
37985,決戦は日曜日,2022,1,8,20220108
38000,スパイダーマン ノー・ウェイ・ホーム,2022,1,9,20220109
38125,コンフィデンスマンＪＰ 英雄編,2022,1,14,20220114
38130,クライ・マッチョ,2022,1,14,20220114
38135,キューブリックに魅せられた男,2022,1,14,20220114
38142,スティルウォーター,2022,1,14,20220114
38149,アイムユアマン 恋人はアンドロイド,2022,1,14,20220114
38154,ハウス・オブ・グッチ,2022,1,15,20220115
38195,銀河鉄道９９９ ＨＤリマスター版,2022,1,18,20220118
38256,コーダ あいのうた,2022,1,21,20220121
38261,劇場版 舞台「刀剣乱舞」義伝 暁の独眼竜,2022,1,21,20220121
38266,でっかくなっちゃった赤い子犬 僕はクリフォード,2022,1,21,20220121
38271,ザミスフィッツ,2022,1,21,20220121
38274,ライダーズオブジャスティス,2022,1,21,20220121
38295,僕のヒーローアカデミア ＴＨＥ ＭＯＶＩＥ ワールド ヒーローズ ミッション 特別上映,2022,1,22,20220122
38304,真夜中乙女戦争,2022,1,23,20220123
38317,ＩＤＯＬｉＳＨ７ ファン感謝祭ｖｏｌ２ キミともっと愛を語らないと！ライブビューイング,2022,1,23,20220123
38362,中島みゆき 劇場版 ライヴ・ヒストリー ２００７－２０１６ 歌旅～縁会～一会,2022,1,26,20220126
38373,シルクロード．ｃｏｍ －史上最大の闇サイト－,2022,1,26,20220126
38398,ブラックボックス：音声分析捜査,2022,1,27,20220127
38403,ノイズ,2022,1,28,20220128
38406,前科者,2022,1,28,20220128
38407,フレンチ・ディスパッチ ザ・リバティ、カンザス・イヴニング・サン別冊,2022,1,28,20220128
38412,アダムス・ファミリー２ アメリカ横断旅行！,2022,1,28,20220128
38415,地球外少年少女 前編「地球外からの使者」,2022,1,28,20220128
38420,Ｐｕｒｅ Ｊａｐａｎｅｓｅ,2022,1,28,20220128
38421,クレッシェンド 音楽の架け橋,2022,1,28,20220128
38424,殺すな,2022,1,28,20220128
38427,バイオハザード：ウェルカム・トゥ・ラクーンシティ,2022,1,29,20220129
38462,仮面ライダーセイバー 深罪の三重奏,2022,1,30,20220130
38469,プロジェクトセカイ ＣＯＬＯＲＦＵＬ ＬＩＶＥ １ｓｔ －Ｌｉｎｋ－ ライブビューイング,2022,1,30,20220130
38490,宝塚歌劇 月組宝塚大劇場公演「今夜、ロマンス劇場で」「ＦＵＬＬ ＳＷＩＮＧ！」千秋楽ＬＶ,2022,1,31,20220131
38553,鹿の王 ユナと約束の旅,2022,2,4,20220204
38554,ゴーストバスターズ アフターライフ,2022,2,4,20220204
38555,宇宙戦艦ヤマト２２０５ 新たなる旅立ち 後章 ＳＴＡＳＨＡ,2022,2,4,20220204
38566,Ｓｔｉｌｌ Ｄｒｅａｍｉｎ ～布袋寅泰情熱と栄光のギタリズム～,2022,2,4,20220204
38569,パイプライン,2022,2,4,20220204
38576,大怪獣のあとしまつ,2022,2,5,20220205
38609,３５５,2022,2,6,20220206
38618,エクストリーム・ジョブ,2022,2,6,20220206
38729,嘘喰い,2022,2,11,20220211
38740,ちょっと思い出しただけ,2022,2,11,20220211
38749,ザユナイテッドステイツｖｓ．ビリーホリデイ,2022,2,11,20220211
38762,ザ・ビートルズ ＧＥＴ ＢＡＣＫ：ルーフトップ・コンサート,2022,2,12,20220212
38825,ウエスト・サイド・ストーリー,2022,2,15,20220215
38900,アンチャーテッド,2022,2,18,20220218
38901,愛国女子－紅武士道,2022,2,18,20220218
38904,牛首村,2022,2,18,20220218
38909,グッバイ、ドン・グリーズ！,2022,2,18,20220218
38914,オペレーション・ミンスミート －ナチを欺いた死体－,2022,2,18,20220218
38921,劇場版 舞台「刀剣乱舞」ジョ伝 三つら星刀語り,2022,2,18,20220218
38934,フルーツバスケット －ｐｒｅｌｕｄｅ－,2022,2,19,20220219
39007,君が落とした青空,2022,2,22,20220222
39030,ドリームプラン,2022,2,23,20220223
39075,ナイル殺人事件,2022,2,25,20220225
39086,シラノ,2022,2,25,20220225
39089,ＤＥＥＭＯ サクラノオト あなたの奏でた音が、今も響く,2022,2,25,20220225
39090,ゴヤの名画と優しい泥棒,2022,2,25,20220225
39115,あんさんぶるスターズ！！ Ｒｏａｄ ｔｏ Ｓｈｏｗ！！（先行上映会）,2022,2,26,20220226
39174,仮面ライダーオーズ １０ｔｈ 復活のコアメダル,2022,2,28,20220228
39185,愛国女子−紅武士道,2022,3,1,20220301
39242,フルーツバスケット −ｐｒｅｌｕｄｅ−,2022,3,3,20220303
39251,映画ドラえもん のび太の宇宙小戦争 ２０２１,2022,3,4,20220304
39252,あんさんぶるスターズ！！ Ｒｏａｄ ｔｏ Ｓｈｏｗ！！,2022,3,4,20220304
39283,ＭＡＮＫＡＩ ＭＯＶＩＥ「Ａ３！」ＡＵＴＵＭＮ＆ＷＩＮＴＥＲ,2022,3,5,20220305
39290,ブルーサーマル,2022,3,5,20220305
39301,余命１０年,2022,3,6,20220306
39314,銀河英雄伝説 Ｄｉｅ Ｎｅｕｅ Ｔｈｅｓｅ 激突 第一章,2022,3,6,20220306
39425,ＴＨＥ ＢＡＴＭＡＮ −ザ・バットマン−,2022,3,11,20220311
39456,ウェディング・ハイ,2022,3,12,20220312
39461,映画しまじろう しまじろうと キラキラおうこくの おうじさま,2022,3,12,20220312
39484,ＪＯ１ ＴＨＥ ＭＯＶＩＥ「未完成」−Ｇｏ ｔｏ ｔｈｅ ＴＯＰ−,2022,3,13,20220313
39605,ＫＡＰＰＥＩ カッペイ,2022,3,18,20220318
39614,ガンパウダー・ミルクシェイク,2022,3,18,20220318
39625,ＳＩＮＧ シング ネクストステージ,2022,3,19,20220319
39632,映画おしりたんてい シリアーティ,2022,3,19,20220319
39669,ウルトラマントリガー エピソードＺ,2022,3,20,20220320
39716,無発声応援上映 「ＡＲＡＳＨＩ Ａｎｎｉｖｅｒｓａｒｙ Ｔｏｕｒ ５×２０ ＦＩＬＭ ’Ｒｅｃｏｒｄ ｏｆ Ｍｅｍｏｒｉｅｓ”」（７．１ｃｈＬＺ）,2022,3,22,20220322
39775,映画 おそ松さん,2022,3,25,20220325
39780,ナイトメア・アリー,2022,3,25,20220325
39787,ベルファスト,2022,3,25,20220325
39794,ツーアウトフルベース,2022,3,25,20220325
39809,アンビュランス,2022,3,26,20220326
39894,映画 きかんしゃトーマス オールスター☆パレード,2022,3,29,20220329
39923,オートクチュール,2022,3,30,20220330
